method_id,category,pre_filter,method,image_id,noisy_psnr,result_psnr,psnr_gain,noisy_ssim,result_ssim,ssim_gain,latency,fps,vram_mb
Bare_N2D,Standalone neural baseline,None,Bare N2D,FOV1_PND_16_Exp_200_Gain_46_40xObj0020000,32.729720333091535,37.47948844989078,4.749768116799245,0.7516204796483957,0.9327754309230486,0.18115495127465286,0.49117112159729004,2.0359503155397185,67.1416015625
Bare_N2D,Standalone neural baseline,None,Bare N2D,FOV1_PND_16_Exp_200_Gain_46_40xObj0020001,32.76484287748777,37.50148702316863,4.736644145680856,0.7521623476770843,0.9333657613543972,0.18120341367731285,0.014798402786254883,67.57486023618875,67.1416015625
Bare_N2D,Standalone neural baseline,None,Bare N2D,FOV1_PND_16_Exp_200_Gain_46_40xObj0020002,32.69719261975971,37.42137726624544,4.724184646485732,0.7499542285010486,0.9324771999526199,0.18252297145157126,0.014349222183227539,69.69018858519564,67.1416015625
Bare_N2D,Standalone neural baseline,None,Bare N2D,FOV1_PND_16_Exp_200_Gain_46_40xObj0020003,32.72718937253372,37.514937096488254,4.787747723954531,0.7511937332778174,0.9334071214208395,0.18221338814302213,0.014395952224731445,69.46397045428198,67.1416015625
Bare_N2D,Standalone neural baseline,None,Bare N2D,FOV1_PND_16_Exp_200_Gain_46_40xObj0020004,32.70605289645722,37.509039487359686,4.802986590902464,0.7509473028087025,0.9335806723035059,0.18263336949480347,0.014983654022216797,66.73939471088056,67.1416015625
Bare_N2D,Standalone neural baseline,None,Bare N2D,FOV1_PND_16_Exp_200_Gain_46_40xObj0020005,32.733105051383895,37.501332238212996,4.768227186829101,0.751019527972109,0.9333835122796742,0.18236398430756517,0.027328968048095703,36.59120967319805,67.1416015625
Bare_N2D,Standalone neural baseline,None,Bare N2D,FOV1_PND_16_Exp_200_Gain_46_40xObj0020006,32.756696787414725,37.48722127981284,4.730524492398118,0.7512313699323272,0.9335518918829179,0.18232052195059067,0.014957904815673828,66.85428289075202,67.1416015625
Bare_N2D,Standalone neural baseline,None,Bare N2D,FOV1_PND_16_Exp_200_Gain_46_40xObj0020007,32.752100791212925,37.46499098805281,4.712890196839886,0.7508459913626989,0.9330647291411385,0.18221873777843955,0.015361309051513672,65.09861865590564,67.1416015625
Bare_N2D,Standalone neural baseline,None,Bare N2D,FOV1_PND_16_Exp_200_Gain_46_40xObj0020008,32.72663323643756,37.44205291868318,4.715419682245624,0.7499428973437879,0.9328317111242145,0.18288881378042654,0.014308452606201172,69.88875928949912,67.1416015625
Bare_N2D,Standalone neural baseline,None,Bare N2D,FOV1_PND_16_Exp_200_Gain_46_40xObj0020009,32.73024533393844,37.42999492635795,4.699749592419508,0.7503300940082119,0.9323757711947235,0.18204567718651155,0.014431476593017578,69.29297868825375,67.1416015625
Bare_N2D,Standalone neural baseline,None,Bare N2D,FOV1_PND_16_Exp_200_Gain_46_40xObj0020010,32.76514386146915,37.499019720054335,4.733875858585186,0.7512222580745229,0.9327721992376579,0.18154994116313494,0.014364004135131836,69.61847062924295,67.1416015625
Bare_N2D,Standalone neural baseline,None,Bare N2D,FOV1_PND_16_Exp_200_Gain_46_40xObj0020011,32.76660814510982,37.499738369636944,4.733130224527123,0.7515460875069281,0.9330618014778902,0.1815157139709621,0.014364004135131836,69.61847062924295,67.1416015625
Bare_N2D,Standalone neural baseline,None,Bare N2D,FOV1_PND_16_Exp_200_Gain_46_40xObj0020012,32.75056363298163,37.48190615570938,4.731342522727751,0.7512621594118221,0.9330111833306759,0.18174902391885384,0.01464223861694336,68.29556778584687,67.1416015625
Bare_N2D,Standalone neural baseline,None,Bare N2D,FOV1_PND_16_Exp_200_Gain_46_40xObj0020013,32.731045616561175,37.42535533972804,4.694309723166867,0.7506370156939456,0.9331283421779597,0.18249132648401412,0.014788389205932617,67.62061682815548,67.1416015625
Bare_N2D,Standalone neural baseline,None,Bare N2D,FOV1_PND_16_Exp_200_Gain_46_40xObj0020014,32.79528601801144,37.5073734214301,4.712087403418664,0.7522675395914412,0.9337421666689695,0.18147462707752826,0.014492511749267578,69.00115158095615,67.1416015625
Bare_N2D,Standalone neural baseline,None,Bare N2D,FOV1_PND_16_Exp_200_Gain_46_40xObj0020015,32.78712382176566,37.542285468838365,4.755161647072704,0.7523310361379044,0.9337380671297107,0.18140703099180633,0.014389514923095703,69.49504589588096,67.1416015625
Bare_N2D,Standalone neural baseline,None,Bare N2D,FOV1_PND_16_Exp_200_Gain_46_40xObj0020016,32.835814213218974,37.706289791279254,4.8704755780602795,0.7538785420017229,0.9350242549730151,0.18114571297129223,0.014360189437866211,69.63696435390413,67.1416015625
Bare_N2D,Standalone neural baseline,None,Bare N2D,FOV1_PND_16_Exp_200_Gain_46_40xObj0020017,32.81764805870415,37.68026726920213,4.862619210497982,0.7530695999494535,0.9348098321803872,0.1817402322309336,0.02198314666748047,45.4893930848987,67.1416015625
Bare_N2D,Standalone neural baseline,None,Bare N2D,FOV1_PND_16_Exp_200_Gain_46_40xObj0020018,32.77446638642729,37.667538844282674,4.893072457855382,0.7517214043380198,0.9347412120270949,0.1830198076890751,0.09783148765563965,10.221657913655916,67.1416015625
Bare_N2D,Standalone neural baseline,None,Bare N2D,FOV1_PND_16_Exp_200_Gain_46_40xObj0020019,32.78224749159582,37.659783696968915,4.877536205373097,0.7516318768816026,0.934400016261676,0.1827681393800734,0.0938882827758789,10.650956332720495,67.1416015625
Bare_N2D,Standalone neural baseline,None,Bare N2D,FOV1_PND_16_Exp_200_Gain_46_40xObj0020020,32.771914527658325,37.60687746797271,4.834962940314384,0.750624173254128,0.933958836335251,0.183334663081123,0.09322977066040039,10.726187492647698,67.1416015625
Bare_N2D,Standalone neural baseline,None,Bare N2D,FOV1_PND_16_Exp_200_Gain_46_40xObj0020021,32.75356116337017,37.73285815753998,4.9792969941698075,0.7506428792633705,0.9344466515578272,0.18380377229445677,0.09308671951293945,10.742670976400621,67.1416015625
Bare_N2D,Standalone neural baseline,None,Bare N2D,FOV1_PND_16_Exp_200_Gain_46_40xObj0020022,32.69612504500138,37.629020893809354,4.9328958488079735,0.7499275885806367,0.9335115885919878,0.1835840000113511,0.0928492546081543,10.770145697132792,67.1416015625
Bare_N2D,Standalone neural baseline,None,Bare N2D,FOV1_PND_16_Exp_200_Gain_46_40xObj0020023,32.66428462928949,37.534752525051005,4.870467895761514,0.7494415289606451,0.9333249596735866,0.18388343071294155,0.09232831001281738,10.830914156894847,67.1416015625
Bare_N2D,Standalone neural baseline,None,Bare N2D,FOV1_PND_16_Exp_200_Gain_46_40xObj0020024,32.68353118330619,37.56718045163345,4.883649268327261,0.7496438516774854,0.933487123927837,0.18384327225035157,0.09222245216369629,10.843346457812512,67.1416015625
Bare_N2D,Standalone neural baseline,None,Bare N2D,FOV1_PND_16_Exp_200_Gain_46_40xObj0020025,32.758796316383794,37.58176136058828,4.822965044204487,0.7510944497379425,0.9341082111770588,0.1830137614391163,0.09206008911132812,10.862470476111548,67.1416015625
Bare_N2D,Standalone neural baseline,None,Bare N2D,FOV1_PND_16_Exp_200_Gain_46_40xObj0020026,32.79031284422896,37.631038468376445,4.840725624147488,0.7519247376532702,0.9344046017420294,0.18247986408875927,0.09161734580993652,10.914963658459785,67.1416015625
Bare_N2D,Standalone neural baseline,None,Bare N2D,FOV1_PND_16_Exp_200_Gain_46_40xObj0020027,32.751264935942366,37.53649703553151,4.785232099589145,0.7510201024507378,0.93412471438389,0.1831046119331522,0.09535479545593262,10.487149547315019,67.1416015625
Bare_N2D,Standalone neural baseline,None,Bare N2D,FOV1_PND_16_Exp_200_Gain_46_40xObj0020028,32.773062654428855,37.473748404833216,4.700685750404361,0.752131773119825,0.9340217382951804,0.18188996517535538,0.10125231742858887,9.87631715891618,67.1416015625
Bare_N2D,Standalone neural baseline,None,Bare N2D,FOV1_PND_16_Exp_200_Gain_46_40xObj0020029,32.77477576067859,37.46945688037941,4.6946811197008245,0.7532751478755816,0.9346359799987637,0.1813608321231821,0.09151148796081543,10.927589773517756,67.1416015625
Bare_N2D,Standalone neural baseline,None,Bare N2D,FOV1_PND_16_Exp_200_Gain_46_40xObj0020030,32.79226682925153,37.53015553680269,4.737888707551157,0.7532713738998419,0.9348589975550698,0.18158762365522796,0.09128475189208984,10.954732080360222,67.1416015625
Bare_N2D,Standalone neural baseline,None,Bare N2D,FOV1_PND_16_Exp_200_Gain_46_40xObj0020031,32.78343269078992,37.57619713595612,4.792764445166199,0.752779873335576,0.9351328062822123,0.18235293294663624,0.09069395065307617,11.026093722890236,67.1416015625
Bare_N2D,Standalone neural baseline,None,Bare N2D,FOV1_PND_16_Exp_200_Gain_46_40xObj0020032,32.77793882007581,37.6349320835492,4.856993263473392,0.7524626197294366,0.9348027467987058,0.18234012706926916,0.09083294868469238,11.009220932277463,67.1416015625
Bare_N2D,Standalone neural baseline,None,Bare N2D,FOV1_PND_16_Exp_200_Gain_46_40xObj0020033,32.70812332571143,37.62022440269987,4.912101076988435,0.7498764404302737,0.9341394541578792,0.18426301372760556,0.04678034782409668,21.376497749871312,67.1416015625
Bare_N2D,Standalone neural baseline,None,Bare N2D,FOV1_PND_16_Exp_200_Gain_46_40xObj0020034,32.71291328204125,37.499026882088074,4.786113600046825,0.7506723155478999,0.9341803604031068,0.1835080448552069,0.04683637619018555,21.350925954206247,67.1416015625
Bare_N2D,Standalone neural baseline,None,Bare N2D,FOV1_PND_16_Exp_200_Gain_46_40xObj0020035,32.74639511435541,37.50544594629291,4.7590508319375004,0.7512933264172649,0.9343353780386653,0.18304205162140041,0.04680037498474121,21.36735016174635,67.1416015625
Bare_N2D,Standalone neural baseline,None,Bare N2D,FOV1_PND_16_Exp_200_Gain_46_40xObj0020036,32.76355538310524,37.4300837458963,4.666528362791055,0.7515306387735218,0.9340212984045322,0.1824906596310104,0.04668760299682617,21.418962118658783,67.1416015625
Bare_N2D,Standalone neural baseline,None,Bare N2D,FOV1_PND_16_Exp_200_Gain_46_40xObj0020037,32.792202861447166,37.484717806922305,4.692514945475139,0.7519593618367516,0.9339985576700931,0.1820391958333415,0.04661965370178223,21.45018078419941,67.1416015625
Bare_N2D,Standalone neural baseline,None,Bare N2D,FOV1_PND_16_Exp_200_Gain_46_40xObj0020038,32.763698365697074,37.46872330947697,4.705024943779897,0.7515369482714643,0.933273548435635,0.1817366001641707,0.06556892395019531,15.251127207144311,67.1416015625
Bare_N2D,Standalone neural baseline,None,Bare N2D,FOV1_PND_16_Exp_200_Gain_46_40xObj0020039,32.78129076745015,37.559687035515566,4.778396268065414,0.7520104758964109,0.9339904010689747,0.18197992517256378,0.10982203483581543,9.105640789619367,67.1416015625
Bare_N2D,Standalone neural baseline,None,Bare N2D,FOV1_PND_16_Exp_200_Gain_46_40xObj0020040,32.77192031577153,37.57460470979047,4.802684394018939,0.752110930603679,0.9340275674125428,0.18191663680886383,0.09906744956970215,10.09413287960358,67.1416015625
Bare_N2D,Standalone neural baseline,None,Bare N2D,FOV1_PND_16_Exp_200_Gain_46_40xObj0020041,32.77499344594247,37.39154364266949,4.616550196727019,0.7517710501850735,0.9332789708478498,0.18150792066277632,0.09897804260253906,10.103250920162642,67.1416015625
Bare_N2D,Standalone neural baseline,None,Bare N2D,FOV1_PND_16_Exp_200_Gain_46_40xObj0020042,32.763621818875556,37.382740613653326,4.619118794777769,0.7516333366361962,0.9333191613740514,0.1816858247378551,0.09713363647460938,10.29509484349841,67.1416015625
Bare_N2D,Standalone neural baseline,None,Bare N2D,FOV1_PND_16_Exp_200_Gain_46_40xObj0020043,32.79769637927642,37.390516214961494,4.592819835685077,0.7530925785373433,0.9336582457561384,0.18056566721879508,0.09526371955871582,10.497175678550423,67.1416015625
Bare_N2D,Standalone neural baseline,None,Bare N2D,FOV1_PND_16_Exp_200_Gain_46_40xObj0020044,32.77508226080273,37.43708081749571,4.6619985566929785,0.7521979736200052,0.9337870353611896,0.1815890617411844,0.09607458114624023,10.408580376508192,67.1416015625
Bare_N2D,Standalone neural baseline,None,Bare N2D,FOV1_PND_16_Exp_200_Gain_46_40xObj0020045,32.73514968010736,37.38736744780872,4.652217767701359,0.7513325508085971,0.9335199785380294,0.1821874277294323,0.09378910064697266,10.662219736641415,67.1416015625
Bare_N2D,Standalone neural baseline,None,Bare N2D,FOV1_PND_16_Exp_200_Gain_46_40xObj0020046,32.734736468913276,37.45864180396089,4.723905335047611,0.7510755233605609,0.9338505312982726,0.18277500793771162,0.0927422046661377,10.782577399360907,67.1416015625
Bare_N2D,Standalone neural baseline,None,Bare N2D,FOV1_PND_16_Exp_200_Gain_46_40xObj0020047,32.73763982278474,37.50794561095741,4.770305788172664,0.7506945353985589,0.9334446046513877,0.18275006925282877,0.09281659126281738,10.773935849124456,67.1416015625
Bare_N2D,Standalone neural baseline,None,Bare N2D,FOV1_PND_16_Exp_200_Gain_46_40xObj0020048,32.74524346847231,37.58256246439469,4.837318995922381,0.7508484319808909,0.933784093516569,0.18293566153567808,0.09712028503417969,10.296510143561342,67.1416015625
Bare_N2D,Standalone neural baseline,None,Bare N2D,FOV1_PND_16_Exp_200_Gain_46_40xObj0020049,32.69677826340367,37.55577319419819,4.858994930794516,0.7500665175175175,0.9332545841355575,0.18318806661804,0.11921286582946777,8.38835634930952,67.1416015625
Bare_NAFNet,Standalone neural baseline,None,Bare NAFNet Light,FOV1_PND_16_Exp_200_Gain_46_40xObj0020000,32.729720333091535,37.550933564125664,4.821213231034129,0.7516204796483957,0.9346260531096702,0.18300557346127444,0.6483442783355713,1.5423904141904343,189.78173828125
Bare_NAFNet,Standalone neural baseline,None,Bare NAFNet Light,FOV1_PND_16_Exp_200_Gain_46_40xObj0020001,32.76484287748777,37.58415586395523,4.819312986467459,0.7521623476770843,0.9352791261388518,0.18311677846176744,0.052413225173950195,19.079154100538126,189.78173828125
Bare_NAFNet,Standalone neural baseline,None,Bare NAFNet Light,FOV1_PND_16_Exp_200_Gain_46_40xObj0020002,32.69719261975971,37.53204445726523,4.834851837505518,0.7499542285010486,0.9347395803683792,0.18478535186733058,0.052245140075683594,19.140536297756604,189.78173828125
Bare_NAFNet,Standalone neural baseline,None,Bare NAFNet Light,FOV1_PND_16_Exp_200_Gain_46_40xObj0020003,32.72718937253372,37.6255056647185,4.898316292184781,0.7511937332778174,0.9353755931950576,0.18418185991724023,0.0528562068939209,18.919253929948802,189.78173828125
Bare_NAFNet,Standalone neural baseline,None,Bare NAFNet Light,FOV1_PND_16_Exp_200_Gain_46_40xObj0020004,32.70605289645722,37.578348834755076,4.872295938297853,0.7509473028087025,0.9353097723403344,0.18436246953163193,0.05221199989318848,19.15268524564712,189.78173828125
Bare_NAFNet,Standalone neural baseline,None,Bare NAFNet Light,FOV1_PND_16_Exp_200_Gain_46_40xObj0020005,32.733105051383895,37.54491982935458,4.811814777970689,0.751019527972109,0.9347097552815283,0.1836902273094193,0.052721261978149414,18.96767949929679,189.78173828125
Bare_NAFNet,Standalone neural baseline,None,Bare NAFNet Light,FOV1_PND_16_Exp_200_Gain_46_40xObj0020006,32.756696787414725,37.53802544235362,4.781328654938896,0.7512313699323272,0.9349301930654272,0.18369882313310004,0.052724361419677734,18.966564469888127,189.78173828125
Bare_NAFNet,Standalone neural baseline,None,Bare NAFNet Light,FOV1_PND_16_Exp_200_Gain_46_40xObj0020007,32.752100791212925,37.504417034396134,4.752316243183209,0.7508459913626989,0.9345130725377193,0.1836670811750204,0.06617259979248047,15.11199504229899,189.78173828125
Bare_NAFNet,Standalone neural baseline,None,Bare NAFNet Light,FOV1_PND_16_Exp_200_Gain_46_40xObj0020008,32.72663323643756,37.45326088487269,4.726627648435134,0.7499428973437879,0.934092829729785,0.18414993238599708,0.09343385696411133,10.702758427109648,189.78173828125
Bare_NAFNet,Standalone neural baseline,None,Bare NAFNet Light,FOV1_PND_16_Exp_200_Gain_46_40xObj0020009,32.73024533393844,37.51168487832455,4.78143954438611,0.7503300940082119,0.9345414860854647,0.1842113920772528,0.08942770957946777,11.182216392463616,189.78173828125
Bare_NAFNet,Standalone neural baseline,None,Bare NAFNet Light,FOV1_PND_16_Exp_200_Gain_46_40xObj0020010,32.76514386146915,37.58957672694407,4.824432865474918,0.7512222580745229,0.9350183339642771,0.18379607588975422,0.0773935317993164,12.920976427242369,189.78173828125
Bare_NAFNet,Standalone neural baseline,None,Bare NAFNet Light,FOV1_PND_16_Exp_200_Gain_46_40xObj0020011,32.76660814510982,37.57457653051456,4.807968385404742,0.7515460875069281,0.9351364026850376,0.18359031517810953,0.0782010555267334,12.78755118155848,189.78173828125
Bare_NAFNet,Standalone neural baseline,None,Bare NAFNet Light,FOV1_PND_16_Exp_200_Gain_46_40xObj0020012,32.75056363298163,37.55937474731341,4.808811114331782,0.7512621594118221,0.9350408685237226,0.18377870911190053,0.08141922950744629,12.282110823813973,189.78173828125
Bare_NAFNet,Standalone neural baseline,None,Bare NAFNet Light,FOV1_PND_16_Exp_200_Gain_46_40xObj0020013,32.731045616561175,37.50880595080567,4.777760334244498,0.7506370156939456,0.9350688863969855,0.1844318707030399,0.0831918716430664,12.020405121914871,189.78173828125
Bare_NAFNet,Standalone neural baseline,None,Bare NAFNet Light,FOV1_PND_16_Exp_200_Gain_46_40xObj0020014,32.79528601801144,37.59758738624522,4.802301368233785,0.7522675395914412,0.9354680994714691,0.18320055988002792,0.0858912467956543,11.642629922221543,189.78173828125
Bare_NAFNet,Standalone neural baseline,None,Bare NAFNet Light,FOV1_PND_16_Exp_200_Gain_46_40xObj0020015,32.78712382176566,37.64627728134081,4.859153459575147,0.7523310361379044,0.9356637017377433,0.18333266559983885,0.08697915077209473,11.497008088987082,189.78173828125
Bare_NAFNet,Standalone neural baseline,None,Bare NAFNet Light,FOV1_PND_16_Exp_200_Gain_46_40xObj0020016,32.835814213218974,37.75931324995321,4.923499036734235,0.7538785420017229,0.9365088435113357,0.1826303015096128,0.0868384838104248,11.515631735154177,189.78173828125
Bare_NAFNet,Standalone neural baseline,None,Bare NAFNet Light,FOV1_PND_16_Exp_200_Gain_46_40xObj0020017,32.81764805870415,37.75869378843695,4.941045729732799,0.7530695999494535,0.9365932196851668,0.1835236197357133,0.08692669868469238,11.50394545210191,189.78173828125
Bare_NAFNet,Standalone neural baseline,None,Bare NAFNet Light,FOV1_PND_16_Exp_200_Gain_46_40xObj0020018,32.77446638642729,37.7636154188641,4.989149032436806,0.7517214043380198,0.9366293405168465,0.18490793617882673,0.08553409576416016,11.69124418825051,189.78173828125
Bare_NAFNet,Standalone neural baseline,None,Bare NAFNet Light,FOV1_PND_16_Exp_200_Gain_46_40xObj0020019,32.78224749159582,37.73721740971456,4.954969918118742,0.7516318768816026,0.936258357376854,0.18462648049525143,0.08514666557312012,11.744441115445033,189.78173828125
Bare_NAFNet,Standalone neural baseline,None,Bare NAFNet Light,FOV1_PND_16_Exp_200_Gain_46_40xObj0020020,32.771914527658325,37.65331662894121,4.881402101282887,0.750624173254128,0.935497027623121,0.18487285436899303,0.08991622924804688,11.121462814475414,189.78173828125
Bare_NAFNet,Standalone neural baseline,None,Bare NAFNet Light,FOV1_PND_16_Exp_200_Gain_46_40xObj0020021,32.75356116337017,37.787097185025566,5.033536021655394,0.7506428792633705,0.9364149218446048,0.18577204258123436,0.08533263206481934,11.718846305366418,189.78173828125
Bare_NAFNet,Standalone neural baseline,None,Bare NAFNet Light,FOV1_PND_16_Exp_200_Gain_46_40xObj0020022,32.69612504500138,37.69478444438538,4.998659399383996,0.7499275885806367,0.9359186975843571,0.1859911090037204,0.08735775947570801,11.447180033023567,189.78173828125
Bare_NAFNet,Standalone neural baseline,None,Bare NAFNet Light,FOV1_PND_16_Exp_200_Gain_46_40xObj0020023,32.66428462928949,37.62733669092696,4.96305206163747,0.7494415289606451,0.9356663992038602,0.1862248702432151,0.08941364288330078,11.183975596488796,189.78173828125
Bare_NAFNet,Standalone neural baseline,None,Bare NAFNet Light,FOV1_PND_16_Exp_200_Gain_46_40xObj0020024,32.68353118330619,37.66324447715347,4.979713293847283,0.7496438516774854,0.936093249784324,0.18644939810683858,0.08660316467285156,11.5469221451382,189.78173828125
Bare_NAFNet,Standalone neural baseline,None,Bare NAFNet Light,FOV1_PND_16_Exp_200_Gain_46_40xObj0020025,32.758796316383794,37.68940384531333,4.930607528929535,0.7510944497379425,0.936287194835252,0.18519274509730954,0.0866386890411377,11.5421875730966,189.78173828125
Bare_NAFNet,Standalone neural baseline,None,Bare NAFNet Light,FOV1_PND_16_Exp_200_Gain_46_40xObj0020026,32.79031284422896,37.72182759449209,4.931514750263133,0.7519247376532702,0.9362702601352858,0.18434552248201563,0.08507752418518066,11.753985668687175,189.78173828125
Bare_NAFNet,Standalone neural baseline,None,Bare NAFNet Light,FOV1_PND_16_Exp_200_Gain_46_40xObj0020027,32.751264935942366,37.691066881200484,4.939801945258118,0.7510201024507378,0.9363643358151124,0.18534423336437456,0.08510947227478027,11.749573499544786,189.78173828125
Bare_NAFNet,Standalone neural baseline,None,Bare NAFNet Light,FOV1_PND_16_Exp_200_Gain_46_40xObj0020028,32.773062654428855,37.64044682718535,4.867384172756495,0.752131773119825,0.9363166856951987,0.18418491257537362,0.08588171005249023,11.643922779236787,189.78173828125
Bare_NAFNet,Standalone neural baseline,None,Bare NAFNet Light,FOV1_PND_16_Exp_200_Gain_46_40xObj0020029,32.77477576067859,37.57530001845841,4.80052425777982,0.7532751478755816,0.9361939160557918,0.18291876818021024,0.08571243286132812,11.666918865993146,189.78173828125
Bare_NAFNet,Standalone neural baseline,None,Bare NAFNet Light,FOV1_PND_16_Exp_200_Gain_46_40xObj0020030,32.79226682925153,37.62409162210323,4.831824792851698,0.7532713738998419,0.9366617904593765,0.18339041655953459,0.08515620231628418,11.743125841683675,189.78173828125
Bare_NAFNet,Standalone neural baseline,None,Bare NAFNet Light,FOV1_PND_16_Exp_200_Gain_46_40xObj0020031,32.78343269078992,37.675889684473034,4.892456993683112,0.752779873335576,0.9368556741974636,0.18407580086188757,0.09488868713378906,10.538664093750628,189.78173828125
Bare_NAFNet,Standalone neural baseline,None,Bare NAFNet Light,FOV1_PND_16_Exp_200_Gain_46_40xObj0020032,32.77793882007581,37.68597251017154,4.908033690095728,0.7524626197294366,0.9362778643845072,0.1838152446550706,0.10538721084594727,9.488817399881455,189.78173828125
Bare_NAFNet,Standalone neural baseline,None,Bare NAFNet Light,FOV1_PND_16_Exp_200_Gain_46_40xObj0020033,32.70812332571143,37.65663758396557,4.948514258254136,0.7498764404302737,0.9361300043540849,0.1862535639238112,0.08308768272399902,12.035478270850371,189.78173828125
Bare_NAFNet,Standalone neural baseline,None,Bare NAFNet Light,FOV1_PND_16_Exp_200_Gain_46_40xObj0020034,32.71291328204125,37.54842401212929,4.835510730088039,0.7506723155478999,0.9356744397977302,0.1850021242498303,0.08347654342651367,11.979413125560512,189.78173828125
Bare_NAFNet,Standalone neural baseline,None,Bare NAFNet Light,FOV1_PND_16_Exp_200_Gain_46_40xObj0020035,32.74639511435541,37.545466583398635,4.799071469043227,0.7512933264172649,0.935983937632463,0.18469061121519814,0.08381962776184082,11.930379872854237,189.78173828125
Bare_NAFNet,Standalone neural baseline,None,Bare NAFNet Light,FOV1_PND_16_Exp_200_Gain_46_40xObj0020036,32.76355538310524,37.46395172250248,4.700396339397237,0.7515306387735218,0.9355385378808486,0.18400789910732684,0.08321499824523926,12.017064484613027,189.78173828125
Bare_NAFNet,Standalone neural baseline,None,Bare NAFNet Light,FOV1_PND_16_Exp_200_Gain_46_40xObj0020037,32.792202861447166,37.5372151704214,4.745012308974232,0.7519593618367516,0.9357694524117584,0.18381009057500675,0.08284640312194824,12.070530069096906,189.78173828125
Bare_NAFNet,Standalone neural baseline,None,Bare NAFNet Light,FOV1_PND_16_Exp_200_Gain_46_40xObj0020038,32.763698365697074,37.53134882337777,4.767650457680695,0.7515369482714643,0.9354364144996316,0.18389946622816722,0.08434486389160156,11.856086474751814,189.78173828125
Bare_NAFNet,Standalone neural baseline,None,Bare NAFNet Light,FOV1_PND_16_Exp_200_Gain_46_40xObj0020039,32.78129076745015,37.57973589884968,4.798445131399525,0.7520104758964109,0.9354540698559369,0.18344359395952603,0.090118408203125,11.096512021672876,189.78173828125
Bare_NAFNet,Standalone neural baseline,None,Bare NAFNet Light,FOV1_PND_16_Exp_200_Gain_46_40xObj0020040,32.77192031577153,37.57534180854936,4.803421492777829,0.752110930603679,0.9354699430710264,0.18335901246734743,0.08713817596435547,11.476026310317279,189.78173828125
Bare_NAFNet,Standalone neural baseline,None,Bare NAFNet Light,FOV1_PND_16_Exp_200_Gain_46_40xObj0020041,32.77499344594247,37.414795503979,4.63980205803653,0.7517710501850735,0.9347092626887972,0.18293821250372366,0.08724641799926758,11.461788608999338,189.78173828125
Bare_NAFNet,Standalone neural baseline,None,Bare NAFNet Light,FOV1_PND_16_Exp_200_Gain_46_40xObj0020042,32.763621818875556,37.42918012711102,4.665558308235461,0.7516333366361962,0.934857390953249,0.1832240543170528,0.08569955825805664,11.668671581582974,189.78173828125
Bare_NAFNet,Standalone neural baseline,None,Bare NAFNet Light,FOV1_PND_16_Exp_200_Gain_46_40xObj0020043,32.79769637927642,37.45835183405333,4.660655454776915,0.7530925785373433,0.9351527166873405,0.1820601381499971,0.09656071662902832,10.356178318786188,189.78173828125
Bare_NAFNet,Standalone neural baseline,None,Bare NAFNet Light,FOV1_PND_16_Exp_200_Gain_46_40xObj0020044,32.77508226080273,37.5225422909766,4.747460030173869,0.7521979736200052,0.9356218933915151,0.18342391977150996,0.08669257164001465,11.53501368205382,189.78173828125
Bare_NAFNet,Standalone neural baseline,None,Bare NAFNet Light,FOV1_PND_16_Exp_200_Gain_46_40xObj0020045,32.73514968010736,37.452005729014665,4.716856048907303,0.7513325508085971,0.9350536716964095,0.18372112088781245,0.08562970161437988,11.6781908747428,189.78173828125
Bare_NAFNet,Standalone neural baseline,None,Bare NAFNet Light,FOV1_PND_16_Exp_200_Gain_46_40xObj0020046,32.734736468913276,37.50314414110528,4.768407672192005,0.7510755233605609,0.9354326018146382,0.18435707845407723,0.08572125434875488,11.665718235194317,189.78173828125
Bare_NAFNet,Standalone neural baseline,None,Bare NAFNet Light,FOV1_PND_16_Exp_200_Gain_46_40xObj0020047,32.73763982278474,37.532366815033164,4.794726992248421,0.7506945353985589,0.9350072866155763,0.1843127512170174,0.0847630500793457,11.797593397876925,189.78173828125
Bare_NAFNet,Standalone neural baseline,None,Bare NAFNet Light,FOV1_PND_16_Exp_200_Gain_46_40xObj0020048,32.74524346847231,37.55003730161639,4.804793833144082,0.7508484319808909,0.9350479159242951,0.18419948394340424,0.08515548706054688,11.743224476996819,189.78173828125
Bare_NAFNet,Standalone neural baseline,None,Bare NAFNet Light,FOV1_PND_16_Exp_200_Gain_46_40xObj0020049,32.69677826340367,37.543596419415,4.846818156011331,0.7500665175175175,0.9348910462923145,0.18482452877479694,0.08546590805053711,11.700571874912823,189.78173828125
N2D_PRBF_EarlyFusion,Proposed FGHC variant,PRBF,N2D Early Fusion,FOV1_PND_16_Exp_200_Gain_46_40xObj0020000,32.729720333091535,37.72546796934301,4.995747636251473,0.7516204796483957,0.9345012215841395,0.18288074193574377,0.05068039894104004,19.731494244221878,76.14501953125
N2D_PRBF_EarlyFusion,Proposed FGHC variant,PRBF,N2D Early Fusion,FOV1_PND_16_Exp_200_Gain_46_40xObj0020001,32.76484287748777,37.789561197762815,5.024718320275042,0.7521623476770843,0.9352191976485437,0.18305684997145932,0.030399799346923828,32.894953962950765,76.14501953125
N2D_PRBF_EarlyFusion,Proposed FGHC variant,PRBF,N2D Early Fusion,FOV1_PND_16_Exp_200_Gain_46_40xObj0020002,32.69719261975971,37.68500259363476,4.987809973875052,0.7499542285010486,0.9342773895877613,0.18432316108671265,0.03467822074890137,28.83654289073296,76.14501953125
N2D_PRBF_EarlyFusion,Proposed FGHC variant,PRBF,N2D Early Fusion,FOV1_PND_16_Exp_200_Gain_46_40xObj0020003,32.72718937253372,37.75480009885257,5.027610726318848,0.7511937332778174,0.9350324186842375,0.18383868540642012,0.03854107856750488,25.946341855703267,76.14501953125
N2D_PRBF_EarlyFusion,Proposed FGHC variant,PRBF,N2D Early Fusion,FOV1_PND_16_Exp_200_Gain_46_40xObj0020004,32.70605289645722,37.75039888682827,5.044345990371049,0.7509473028087025,0.9351473177162389,0.18420001490753646,0.03971982002258301,25.176347713344178,76.14501953125
N2D_PRBF_EarlyFusion,Proposed FGHC variant,PRBF,N2D Early Fusion,FOV1_PND_16_Exp_200_Gain_46_40xObj0020005,32.733105051383895,37.74909127804892,5.015986226665028,0.751019527972109,0.9349446526749613,0.18392512470285227,0.08712649345397949,11.477565093655507,76.14501953125
N2D_PRBF_EarlyFusion,Proposed FGHC variant,PRBF,N2D Early Fusion,FOV1_PND_16_Exp_200_Gain_46_40xObj0020006,32.756696787414725,37.757664420571096,5.000967633156371,0.7512313699323272,0.9350089051952729,0.1837775352629457,0.051078081130981445,19.57786936896988,76.14501953125
N2D_PRBF_EarlyFusion,Proposed FGHC variant,PRBF,N2D Early Fusion,FOV1_PND_16_Exp_200_Gain_46_40xObj0020007,32.752100791212925,37.743507642753045,4.99140685154012,0.7508459913626989,0.9347037884072685,0.18385779704456962,0.060262203216552734,16.594149344432225,76.14501953125
N2D_PRBF_EarlyFusion,Proposed FGHC variant,PRBF,N2D Early Fusion,FOV1_PND_16_Exp_200_Gain_46_40xObj0020008,32.72663323643756,37.717927634904264,4.991294398466707,0.7499428973437879,0.9343275344589186,0.18438463711513065,0.061280012130737305,16.31853462865769,76.14501953125
N2D_PRBF_EarlyFusion,Proposed FGHC variant,PRBF,N2D Early Fusion,FOV1_PND_16_Exp_200_Gain_46_40xObj0020009,32.73024533393844,37.708522969949804,4.978277636011363,0.7503300940082119,0.9339483797635196,0.1836182857553077,0.06058669090270996,16.505275087655782,76.14501953125
N2D_PRBF_EarlyFusion,Proposed FGHC variant,PRBF,N2D Early Fusion,FOV1_PND_16_Exp_200_Gain_46_40xObj0020010,32.76514386146915,37.794872150762934,5.029728289293786,0.7512222580745229,0.9345000915168251,0.1832778334423022,0.06198477745056152,16.13299331110111,76.14501953125
N2D_PRBF_EarlyFusion,Proposed FGHC variant,PRBF,N2D Early Fusion,FOV1_PND_16_Exp_200_Gain_46_40xObj0020011,32.76660814510982,37.793307357624094,5.0266992125142735,0.7515460875069281,0.9346951527598021,0.183149065252874,0.06142020225524902,16.281287968480097,76.14501953125
N2D_PRBF_EarlyFusion,Proposed FGHC variant,PRBF,N2D Early Fusion,FOV1_PND_16_Exp_200_Gain_46_40xObj0020012,32.75056363298163,37.76882765226523,5.018264019283599,0.7512621594118221,0.9346859520669882,0.18342379265516617,0.06163644790649414,16.224166608644527,76.14501953125
N2D_PRBF_EarlyFusion,Proposed FGHC variant,PRBF,N2D Early Fusion,FOV1_PND_16_Exp_200_Gain_46_40xObj0020013,32.731045616561175,37.72630608986175,4.995260473300576,0.7506370156939456,0.9348448686821597,0.18420785298821407,0.10706019401550293,9.340539770133372,76.14501953125
N2D_PRBF_EarlyFusion,Proposed FGHC variant,PRBF,N2D Early Fusion,FOV1_PND_16_Exp_200_Gain_46_40xObj0020014,32.79528601801144,37.82950129868356,5.034215280672122,0.7522675395914412,0.9353990366306127,0.18313149703917153,0.10469484329223633,9.55156881231184,76.14501953125
N2D_PRBF_EarlyFusion,Proposed FGHC variant,PRBF,N2D Early Fusion,FOV1_PND_16_Exp_200_Gain_46_40xObj0020015,32.78712382176566,37.849005412716615,5.061881590950954,0.7523310361379044,0.9353867292381374,0.18305569310023295,0.10443329811096191,9.575489983448433,76.14501953125
N2D_PRBF_EarlyFusion,Proposed FGHC variant,PRBF,N2D Early Fusion,FOV1_PND_16_Exp_200_Gain_46_40xObj0020016,32.835814213218974,37.99916293766967,5.163348724450692,0.7538785420017229,0.9365825549460626,0.1827040129443397,0.10282468795776367,9.725290879664625,76.14501953125
N2D_PRBF_EarlyFusion,Proposed FGHC variant,PRBF,N2D Early Fusion,FOV1_PND_16_Exp_200_Gain_46_40xObj0020017,32.81764805870415,37.98086562382238,5.163217565118231,0.7530695999494535,0.9363744837756295,0.18330488382617594,0.10533785820007324,9.493263078319401,76.14501953125
N2D_PRBF_EarlyFusion,Proposed FGHC variant,PRBF,N2D Early Fusion,FOV1_PND_16_Exp_200_Gain_46_40xObj0020018,32.77446638642729,37.93703061093734,5.162564224510049,0.7517214043380198,0.9362546752042662,0.18453327086624638,0.10058093070983887,9.94224246030147,76.14501953125
N2D_PRBF_EarlyFusion,Proposed FGHC variant,PRBF,N2D Early Fusion,FOV1_PND_16_Exp_200_Gain_46_40xObj0020019,32.78224749159582,37.94056792214212,5.158320430546304,0.7516318768816026,0.9359307957322051,0.18429891885060246,0.1007680892944336,9.92377653483244,76.14501953125
N2D_PRBF_EarlyFusion,Proposed FGHC variant,PRBF,N2D Early Fusion,FOV1_PND_16_Exp_200_Gain_46_40xObj0020020,32.771914527658325,37.89363676152738,5.121722233869058,0.750624173254128,0.935404425925249,0.18478025267112097,0.0992581844329834,10.07473595968476,76.14501953125
N2D_PRBF_EarlyFusion,Proposed FGHC variant,PRBF,N2D Early Fusion,FOV1_PND_16_Exp_200_Gain_46_40xObj0020021,32.75356116337017,37.976893445962695,5.223332282592523,0.7506428792633705,0.935922326456453,0.18527944719308254,0.0521998405456543,19.157146641576308,76.14501953125
N2D_PRBF_EarlyFusion,Proposed FGHC variant,PRBF,N2D Early Fusion,FOV1_PND_16_Exp_200_Gain_46_40xObj0020022,32.69612504500138,37.86189001567588,5.165764970674502,0.7499275885806367,0.9348838689400959,0.1849562803594592,0.05242609977722168,19.074468714044684,76.14501953125
N2D_PRBF_EarlyFusion,Proposed FGHC variant,PRBF,N2D Early Fusion,FOV1_PND_16_Exp_200_Gain_46_40xObj0020023,32.66428462928949,37.765112184915886,5.100827555626395,0.7494415289606451,0.934736980039304,0.18529545107865897,0.05308246612548828,18.838612313828353,76.14501953125
N2D_PRBF_EarlyFusion,Proposed FGHC variant,PRBF,N2D Early Fusion,FOV1_PND_16_Exp_200_Gain_46_40xObj0020024,32.68353118330619,37.7909030087486,5.107371825442414,0.7496438516774854,0.9348436598507673,0.18519980817328197,0.05298280715942383,18.8740471411986,76.14501953125
N2D_PRBF_EarlyFusion,Proposed FGHC variant,PRBF,N2D Early Fusion,FOV1_PND_16_Exp_200_Gain_46_40xObj0020025,32.758796316383794,37.850830639702416,5.092034323318622,0.7510944497379425,0.9354658205403902,0.1843713708024477,0.05273556709289551,18.96253430324293,76.14501953125
N2D_PRBF_EarlyFusion,Proposed FGHC variant,PRBF,N2D Early Fusion,FOV1_PND_16_Exp_200_Gain_46_40xObj0020026,32.79031284422896,37.91461058170092,5.124297737471963,0.7519247376532702,0.9358290676480377,0.18390432999476758,0.05296635627746582,18.879909253365863,76.14501953125
N2D_PRBF_EarlyFusion,Proposed FGHC variant,PRBF,N2D Early Fusion,FOV1_PND_16_Exp_200_Gain_46_40xObj0020027,32.751264935942366,37.84819088228255,5.0969259463401855,0.7510201024507378,0.9358268955627795,0.18480679311204173,0.05743575096130371,17.41075868710643,76.14501953125
N2D_PRBF_EarlyFusion,Proposed FGHC variant,PRBF,N2D Early Fusion,FOV1_PND_16_Exp_200_Gain_46_40xObj0020028,32.773062654428855,37.808683309413695,5.0356206549848395,0.752131773119825,0.9359632383318054,0.18383146521198035,0.10509514808654785,9.515187125256068,76.14501953125
N2D_PRBF_EarlyFusion,Proposed FGHC variant,PRBF,N2D Early Fusion,FOV1_PND_16_Exp_200_Gain_46_40xObj0020029,32.77477576067859,37.80697719122238,5.032201430543793,0.7532751478755816,0.9366039011413138,0.18332875326573217,0.1619892120361328,6.17325059755796,76.14501953125
N2D_PRBF_EarlyFusion,Proposed FGHC variant,PRBF,N2D Early Fusion,FOV1_PND_16_Exp_200_Gain_46_40xObj0020030,32.79226682925153,37.85760714765138,5.065340318399848,0.7532713738998419,0.936898634343759,0.18362726044391708,0.10320854187011719,9.689120511541091,76.14501953125
N2D_PRBF_EarlyFusion,Proposed FGHC variant,PRBF,N2D Early Fusion,FOV1_PND_16_Exp_200_Gain_46_40xObj0020031,32.78343269078992,37.8968045100293,5.113371819239376,0.752779873335576,0.9369295920147551,0.18414971867917906,0.10141348838806152,9.860621263450403,76.14501953125
N2D_PRBF_EarlyFusion,Proposed FGHC variant,PRBF,N2D Early Fusion,FOV1_PND_16_Exp_200_Gain_46_40xObj0020032,32.77793882007581,37.919451315010654,5.141512494934844,0.7524626197294366,0.9363683727136124,0.18390575298417577,0.10149931907653809,9.852282843847702,76.14501953125
N2D_PRBF_EarlyFusion,Proposed FGHC variant,PRBF,N2D Early Fusion,FOV1_PND_16_Exp_200_Gain_46_40xObj0020033,32.70812332571143,37.89299679704865,5.1848734713372195,0.7498764404302737,0.9356228418988163,0.1857464014685426,0.10053348541259766,9.946934555147651,76.14501953125
N2D_PRBF_EarlyFusion,Proposed FGHC variant,PRBF,N2D Early Fusion,FOV1_PND_16_Exp_200_Gain_46_40xObj0020034,32.71291328204125,37.80569701747553,5.092783735434281,0.7506723155478999,0.9357839436011791,0.1851116280532792,0.09897422790527344,10.103640322984718,76.14501953125
N2D_PRBF_EarlyFusion,Proposed FGHC variant,PRBF,N2D Early Fusion,FOV1_PND_16_Exp_200_Gain_46_40xObj0020035,32.74639511435541,37.81877890212415,5.072383787768743,0.7512933264172649,0.9359529949761293,0.1846596685588644,0.09874820709228516,10.126766140325463,76.14501953125
N2D_PRBF_EarlyFusion,Proposed FGHC variant,PRBF,N2D Early Fusion,FOV1_PND_16_Exp_200_Gain_46_40xObj0020036,32.76355538310524,37.751920963732154,4.988365580626912,0.7515306387735218,0.9354244529182446,0.18389381414472283,0.05269432067871094,18.97737720346038,76.14501953125
N2D_PRBF_EarlyFusion,Proposed FGHC variant,PRBF,N2D Early Fusion,FOV1_PND_16_Exp_200_Gain_46_40xObj0020037,32.792202861447166,37.82602135021022,5.033818488763053,0.7519593618367516,0.935603039911619,0.18364367807486737,0.0515286922454834,19.406663674598732,76.14501953125
N2D_PRBF_EarlyFusion,Proposed FGHC variant,PRBF,N2D Early Fusion,FOV1_PND_16_Exp_200_Gain_46_40xObj0020038,32.763698365697074,37.807050487209,5.043352121511923,0.7515369482714643,0.9349129440607639,0.18337599578929953,0.05299854278564453,18.868443308801037,76.14501953125
N2D_PRBF_EarlyFusion,Proposed FGHC variant,PRBF,N2D Early Fusion,FOV1_PND_16_Exp_200_Gain_46_40xObj0020039,32.78129076745015,37.89890907589347,5.117618308443319,0.7520104758964109,0.9355619100704664,0.1835514341740555,0.05227088928222656,19.131107462141944,76.14501953125
N2D_PRBF_EarlyFusion,Proposed FGHC variant,PRBF,N2D Early Fusion,FOV1_PND_16_Exp_200_Gain_46_40xObj0020040,32.77192031577153,37.911168890480546,5.139248574709015,0.752110930603679,0.9356372323237973,0.1835263017201183,0.06756401062011719,14.800779154786438,76.14501953125
N2D_PRBF_EarlyFusion,Proposed FGHC variant,PRBF,N2D Early Fusion,FOV1_PND_16_Exp_200_Gain_46_40xObj0020041,32.77499344594247,37.73751954847559,4.962526102533118,0.7517710501850735,0.9349168218826374,0.18314577169756385,0.1384425163269043,7.2232145624881605,76.14501953125
N2D_PRBF_EarlyFusion,Proposed FGHC variant,PRBF,N2D Early Fusion,FOV1_PND_16_Exp_200_Gain_46_40xObj0020042,32.763621818875556,37.72512441685612,4.961502597980562,0.7516333366361962,0.9350191797478913,0.18338584311169503,0.10232090950012207,9.77317348805238,76.14501953125
N2D_PRBF_EarlyFusion,Proposed FGHC variant,PRBF,N2D Early Fusion,FOV1_PND_16_Exp_200_Gain_46_40xObj0020043,32.79769637927642,37.72739196306428,4.929695583787861,0.7530925785373433,0.9355081778069799,0.18241559926963657,0.10127401351928711,9.874201340006685,76.14501953125
N2D_PRBF_EarlyFusion,Proposed FGHC variant,PRBF,N2D Early Fusion,FOV1_PND_16_Exp_200_Gain_46_40xObj0020044,32.77508226080273,37.76800465308443,4.992922392281699,0.7521979736200052,0.9356120288874754,0.18341405526747023,0.10055065155029297,9.94523640157443,76.14501953125
N2D_PRBF_EarlyFusion,Proposed FGHC variant,PRBF,N2D Early Fusion,FOV1_PND_16_Exp_200_Gain_46_40xObj0020045,32.73514968010736,37.71719254601416,4.982042865906799,0.7513325508085971,0.9353808588529674,0.18404830804437033,0.09997987747192383,10.002012657805249,76.14501953125
N2D_PRBF_EarlyFusion,Proposed FGHC variant,PRBF,N2D Early Fusion,FOV1_PND_16_Exp_200_Gain_46_40xObj0020046,32.734736468913276,37.76710918362792,5.032372714714647,0.7510755233605609,0.9355207704461312,0.1844452470855703,0.09970998764038086,10.02908558776129,76.14501953125
N2D_PRBF_EarlyFusion,Proposed FGHC variant,PRBF,N2D Early Fusion,FOV1_PND_16_Exp_200_Gain_46_40xObj0020047,32.73763982278474,37.787579874426925,5.0499400516421815,0.7506945353985589,0.9350803885632707,0.1843858531647118,0.05311012268066406,18.82880229843778,76.14501953125
N2D_PRBF_EarlyFusion,Proposed FGHC variant,PRBF,N2D Early Fusion,FOV1_PND_16_Exp_200_Gain_46_40xObj0020048,32.74524346847231,37.854367841186196,5.109124372713886,0.7508484319808909,0.9353042215787566,0.18445578959786568,0.05352163314819336,18.684033748207014,76.14501953125
N2D_PRBF_EarlyFusion,Proposed FGHC variant,PRBF,N2D Early Fusion,FOV1_PND_16_Exp_200_Gain_46_40xObj0020049,32.69677826340367,37.80035848873206,5.103580225328386,0.7500665175175175,0.9347628927927522,0.18469637527523464,0.05380702018737793,18.58493550688355,76.14501953125
N2D_PRBF_Residual,Proposed FGHC variant,PRBF,N2D Residual,FOV1_PND_16_Exp_200_Gain_46_40xObj0020000,32.729720333091535,37.51191761196748,4.782197278875948,0.7516204796483957,0.9283958727722363,0.1767753931238406,0.05296444892883301,18.880589154126284,70.1416015625
N2D_PRBF_Residual,Proposed FGHC variant,PRBF,N2D Residual,FOV1_PND_16_Exp_200_Gain_46_40xObj0020001,32.76484287748777,37.54288349875047,4.778040621262697,0.7521623476770843,0.9291648858076497,0.17700253813056532,0.05341315269470215,18.721980440206934,70.1416015625
N2D_PRBF_Residual,Proposed FGHC variant,PRBF,N2D Residual,FOV1_PND_16_Exp_200_Gain_46_40xObj0020002,32.69719261975971,37.48001038925905,4.782817769499339,0.7499542285010486,0.9281274307993561,0.17817320229830746,0.11291098594665527,8.856534123902252,70.1416015625
N2D_PRBF_Residual,Proposed FGHC variant,PRBF,N2D Residual,FOV1_PND_16_Exp_200_Gain_46_40xObj0020003,32.72718937253372,37.57393137228191,4.84674199974819,0.7511937332778174,0.929048190251636,0.17785445697381863,0.10241246223449707,9.764436653327094,70.1416015625
N2D_PRBF_Residual,Proposed FGHC variant,PRBF,N2D Residual,FOV1_PND_16_Exp_200_Gain_46_40xObj0020004,32.70605289645722,37.549036894939746,4.842983998482524,0.7509473028087025,0.9290668021221166,0.1781194993134141,0.10042595863342285,9.957584807830644,70.1416015625
N2D_PRBF_Residual,Proposed FGHC variant,PRBF,N2D Residual,FOV1_PND_16_Exp_200_Gain_46_40xObj0020005,32.733105051383895,37.55422885820802,4.821123806824126,0.751019527972109,0.9288027650828422,0.17778323711073318,0.10028505325317383,9.97157569907709,70.1416015625
N2D_PRBF_Residual,Proposed FGHC variant,PRBF,N2D Residual,FOV1_PND_16_Exp_200_Gain_46_40xObj0020006,32.756696787414725,37.53497253647242,4.778275749057691,0.7512313699323272,0.9287708829264205,0.17753951299409332,0.09972357749938965,10.027718871258108,70.1416015625
N2D_PRBF_Residual,Proposed FGHC variant,PRBF,N2D Residual,FOV1_PND_16_Exp_200_Gain_46_40xObj0020007,32.752100791212925,37.50893850997252,4.7568377187595985,0.7508459913626989,0.9282363278397289,0.17739033647702995,0.09960508346557617,10.039648230861662,70.1416015625
N2D_PRBF_Residual,Proposed FGHC variant,PRBF,N2D Residual,FOV1_PND_16_Exp_200_Gain_46_40xObj0020008,32.72663323643756,37.46377885149347,4.7371456150559155,0.7499428973437879,0.9277904617586591,0.17784756441487115,0.053299903869628906,18.761759916978296,70.1416015625
N2D_PRBF_Residual,Proposed FGHC variant,PRBF,N2D Residual,FOV1_PND_16_Exp_200_Gain_46_40xObj0020009,32.73024533393844,37.462435901825394,4.732190567886953,0.7503300940082119,0.9275697013983004,0.17723960739008848,0.05284929275512695,18.921729087907032,70.1416015625
N2D_PRBF_Residual,Proposed FGHC variant,PRBF,N2D Residual,FOV1_PND_16_Exp_200_Gain_46_40xObj0020010,32.76514386146915,37.524162321062924,4.759018459593776,0.7512222580745229,0.928306094959812,0.17708383688528906,0.05409502983093262,18.48598666319951,70.1416015625
N2D_PRBF_Residual,Proposed FGHC variant,PRBF,N2D Residual,FOV1_PND_16_Exp_200_Gain_46_40xObj0020011,32.76660814510982,37.51573411532009,4.749125970210272,0.7515460875069281,0.9284197668031772,0.1768736792962491,0.05314302444458008,18.817145061866864,70.1416015625
N2D_PRBF_Residual,Proposed FGHC variant,PRBF,N2D Residual,FOV1_PND_16_Exp_200_Gain_46_40xObj0020012,32.75056363298163,37.51361225056079,4.763048617579159,0.7512621594118221,0.9285297078595688,0.17726754844774673,0.05266618728637695,18.98751459949841,70.1416015625
N2D_PRBF_Residual,Proposed FGHC variant,PRBF,N2D Residual,FOV1_PND_16_Exp_200_Gain_46_40xObj0020013,32.731045616561175,37.45980897488704,4.728763358325864,0.7506370156939456,0.9287084588431437,0.1780714431491981,0.05407142639160156,18.4940562277329,70.1416015625
N2D_PRBF_Residual,Proposed FGHC variant,PRBF,N2D Residual,FOV1_PND_16_Exp_200_Gain_46_40xObj0020014,32.79528601801144,37.53768243126411,4.742396413252671,0.7522675395914412,0.9291537810285062,0.176886241437065,0.10458874702453613,9.561258055471338,70.1416015625
N2D_PRBF_Residual,Proposed FGHC variant,PRBF,N2D Residual,FOV1_PND_16_Exp_200_Gain_46_40xObj0020015,32.78712382176566,37.561314686817056,4.774190865051395,0.7523310361379044,0.9290970140450031,0.1767659779070987,0.14156794548034668,7.063745939145709,70.1416015625
N2D_PRBF_Residual,Proposed FGHC variant,PRBF,N2D Residual,FOV1_PND_16_Exp_200_Gain_46_40xObj0020016,32.835814213218974,37.729285594433776,4.893471381214802,0.7538785420017229,0.9303489518703315,0.17647040986860862,0.10106229782104492,9.894886832780513,70.1416015625
N2D_PRBF_Residual,Proposed FGHC variant,PRBF,N2D Residual,FOV1_PND_16_Exp_200_Gain_46_40xObj0020017,32.81764805870415,37.71546126065815,4.897813201954001,0.7530695999494535,0.9301088974738682,0.1770392975244146,0.09950423240661621,10.04982376944107,70.1416015625
N2D_PRBF_Residual,Proposed FGHC variant,PRBF,N2D Residual,FOV1_PND_16_Exp_200_Gain_46_40xObj0020018,32.77446638642729,37.7155897405875,4.941123354160204,0.7517214043380198,0.9300732915794789,0.17835188724145912,0.05349445343017578,18.693526821528533,70.1416015625
N2D_PRBF_Residual,Proposed FGHC variant,PRBF,N2D Residual,FOV1_PND_16_Exp_200_Gain_46_40xObj0020019,32.78224749159582,37.710334701952505,4.928087210356686,0.7516318768816026,0.9296970400393233,0.1780651631577207,0.05329179763793945,18.764613774035666,70.1416015625
N2D_PRBF_Residual,Proposed FGHC variant,PRBF,N2D Residual,FOV1_PND_16_Exp_200_Gain_46_40xObj0020020,32.771914527658325,37.663177039452236,4.8912625117939115,0.750624173254128,0.9291779123819351,0.17855373912780714,0.05285835266113281,18.918485909140117,70.1416015625
N2D_PRBF_Residual,Proposed FGHC variant,PRBF,N2D Residual,FOV1_PND_16_Exp_200_Gain_46_40xObj0020021,32.75356116337017,37.77539487725433,5.021833713884156,0.7506428792633705,0.9297485115138682,0.1791056322504977,0.05291414260864258,18.898539231677315,70.1416015625
N2D_PRBF_Residual,Proposed FGHC variant,PRBF,N2D Residual,FOV1_PND_16_Exp_200_Gain_46_40xObj0020022,32.69612504500138,37.63570511573545,4.939580070734067,0.7499275885806367,0.9285407148244333,0.17861312624379666,0.053656578063964844,18.63704388319144,70.1416015625
N2D_PRBF_Residual,Proposed FGHC variant,PRBF,N2D Residual,FOV1_PND_16_Exp_200_Gain_46_40xObj0020023,32.66428462928949,37.53870142693133,4.874416797641842,0.7494415289606451,0.9284447293802125,0.1790032004195674,0.053018808364868164,18.86123115250228,70.1416015625
N2D_PRBF_Residual,Proposed FGHC variant,PRBF,N2D Residual,FOV1_PND_16_Exp_200_Gain_46_40xObj0020024,32.68353118330619,37.574315637970464,4.890784454664278,0.7496438516774854,0.9287479778028761,0.17910412612539073,0.0923607349395752,10.827111766209159,70.1416015625
N2D_PRBF_Residual,Proposed FGHC variant,PRBF,N2D Residual,FOV1_PND_16_Exp_200_Gain_46_40xObj0020025,32.758796316383794,37.58591887518361,4.8271225587998146,0.7510944497379425,0.9292935781493337,0.17819912841139118,0.10311555862426758,9.697857562347108,70.1416015625
N2D_PRBF_Residual,Proposed FGHC variant,PRBF,N2D Residual,FOV1_PND_16_Exp_200_Gain_46_40xObj0020026,32.79031284422896,37.62699737162296,4.836684527394006,0.7519247376532702,0.9294297078597569,0.1775049702064867,0.10528135299682617,9.498358175831443,70.1416015625
N2D_PRBF_Residual,Proposed FGHC variant,PRBF,N2D Residual,FOV1_PND_16_Exp_200_Gain_46_40xObj0020027,32.751264935942366,37.568215610463156,4.81695067452079,0.7510201024507378,0.9295347500810204,0.17851464763028257,0.12352466583251953,8.09554912179116,70.1416015625
N2D_PRBF_Residual,Proposed FGHC variant,PRBF,N2D Residual,FOV1_PND_16_Exp_200_Gain_46_40xObj0020028,32.773062654428855,37.51637739652829,4.743314742099436,0.752131773119825,0.9298684024038536,0.17773662928402856,0.10084176063537598,9.91652658282915,70.1416015625
N2D_PRBF_Residual,Proposed FGHC variant,PRBF,N2D Residual,FOV1_PND_16_Exp_200_Gain_46_40xObj0020029,32.77477576067859,37.50550189319292,4.730726132514334,0.7532751478755816,0.9304251976564119,0.17715004978083027,0.05295085906982422,18.885434864830792,70.1416015625
N2D_PRBF_Residual,Proposed FGHC variant,PRBF,N2D Residual,FOV1_PND_16_Exp_200_Gain_46_40xObj0020030,32.79226682925153,37.582139992695346,4.789873163443815,0.7532713738998419,0.9308268906795759,0.17755551677973402,0.053369760513305664,18.737202310486087,70.1416015625
N2D_PRBF_Residual,Proposed FGHC variant,PRBF,N2D Residual,FOV1_PND_16_Exp_200_Gain_46_40xObj0020031,32.78343269078992,37.604987037524026,4.8215543467341035,0.752779873335576,0.9308011373252588,0.17802126398968277,0.0529780387878418,18.87574592945285,70.1416015625
N2D_PRBF_Residual,Proposed FGHC variant,PRBF,N2D Residual,FOV1_PND_16_Exp_200_Gain_46_40xObj0020032,32.77793882007581,37.6287168626213,4.8507780425454925,0.7524626197294366,0.9300067807024761,0.1775441609730395,0.05303311347961426,18.856143537271226,70.1416015625
N2D_PRBF_Residual,Proposed FGHC variant,PRBF,N2D Residual,FOV1_PND_16_Exp_200_Gain_46_40xObj0020033,32.70812332571143,37.59988800803527,4.8917646823238385,0.7498764404302737,0.9292692649876616,0.17939282455738792,0.05341506004333496,18.72131191444347,70.1416015625
N2D_PRBF_Residual,Proposed FGHC variant,PRBF,N2D Residual,FOV1_PND_16_Exp_200_Gain_46_40xObj0020034,32.71291328204125,37.501607415281526,4.788694133240277,0.7506723155478999,0.9294655123492036,0.17879319680130368,0.053054094314575195,18.848686664419727,70.1416015625
N2D_PRBF_Residual,Proposed FGHC variant,PRBF,N2D Residual,FOV1_PND_16_Exp_200_Gain_46_40xObj0020035,32.74639511435541,37.50804465141365,4.76164953705824,0.7512933264172649,0.9296622203082765,0.17836889389101163,0.09945368766784668,10.054931329844488,70.1416015625
N2D_PRBF_Residual,Proposed FGHC variant,PRBF,N2D Residual,FOV1_PND_16_Exp_200_Gain_46_40xObj0020036,32.76355538310524,37.4390907316201,4.675535348514856,0.7515306387735218,0.9291835999197025,0.17765296114618068,0.10287308692932129,9.720715396506451,70.1416015625
N2D_PRBF_Residual,Proposed FGHC variant,PRBF,N2D Residual,FOV1_PND_16_Exp_200_Gain_46_40xObj0020037,32.792202861447166,37.50425640844095,4.712053546993786,0.7519593618367516,0.9295111217526545,0.17755175991590288,0.1019282341003418,9.810824339559971,70.1416015625
N2D_PRBF_Residual,Proposed FGHC variant,PRBF,N2D Residual,FOV1_PND_16_Exp_200_Gain_46_40xObj0020038,32.763698365697074,37.48161985952123,4.717921493824157,0.7515369482714643,0.9288653287025022,0.17732838043103782,0.10512685775756836,9.512317036109712,70.1416015625
N2D_PRBF_Residual,Proposed FGHC variant,PRBF,N2D Residual,FOV1_PND_16_Exp_200_Gain_46_40xObj0020039,32.78129076745015,37.55605909927635,4.774768331826195,0.7520104758964109,0.9293521980879015,0.17734172219149058,0.10844993591308594,9.220844545278672,70.1416015625
N2D_PRBF_Residual,Proposed FGHC variant,PRBF,N2D Residual,FOV1_PND_16_Exp_200_Gain_46_40xObj0020040,32.77192031577153,37.54354914500389,4.771628829232355,0.752110930603679,0.9291526599970332,0.17704172939335427,0.10030508041381836,9.969584749589979,70.1416015625
N2D_PRBF_Residual,Proposed FGHC variant,PRBF,N2D Residual,FOV1_PND_16_Exp_200_Gain_46_40xObj0020041,32.77499344594247,37.378182785662645,4.603189339720174,0.7517710501850735,0.9285412532886808,0.17677020310360725,0.10065364837646484,9.935059643936594,70.1416015625
N2D_PRBF_Residual,Proposed FGHC variant,PRBF,N2D Residual,FOV1_PND_16_Exp_200_Gain_46_40xObj0020042,32.763621818875556,37.381377410016235,4.6177555911406785,0.7516333366361962,0.9287146547494034,0.17708131811320715,0.052872419357299805,18.91345264990102,70.1416015625
N2D_PRBF_Residual,Proposed FGHC variant,PRBF,N2D Residual,FOV1_PND_16_Exp_200_Gain_46_40xObj0020043,32.79769637927642,37.39136478011901,4.593668400842596,0.7530925785373433,0.9291223599431794,0.17602978140583603,0.05299663543701172,18.869122383977253,70.1416015625
N2D_PRBF_Residual,Proposed FGHC variant,PRBF,N2D Residual,FOV1_PND_16_Exp_200_Gain_46_40xObj0020044,32.77508226080273,37.44762757019351,4.672545309390777,0.7521979736200052,0.929130097735069,0.17693212411506387,0.05354452133178711,18.676047056309056,70.1416015625
N2D_PRBF_Residual,Proposed FGHC variant,PRBF,N2D Residual,FOV1_PND_16_Exp_200_Gain_46_40xObj0020045,32.73514968010736,37.40365354493214,4.668503864824778,0.7513325508085971,0.9290715285463991,0.177738977737802,0.0542292594909668,18.440229672812965,70.1416015625
N2D_PRBF_Residual,Proposed FGHC variant,PRBF,N2D Residual,FOV1_PND_16_Exp_200_Gain_46_40xObj0020046,32.734736468913276,37.46327069793293,4.728534229019651,0.7510755233605609,0.9292112569207699,0.17813573356020895,0.05289196968078613,18.90646171876761,70.1416015625
N2D_PRBF_Residual,Proposed FGHC variant,PRBF,N2D Residual,FOV1_PND_16_Exp_200_Gain_46_40xObj0020047,32.73763982278474,37.520630626268684,4.782990803483941,0.7506945353985589,0.9287271768839886,0.17803264148542974,0.05290341377258301,18.902371863916393,70.1416015625
N2D_PRBF_Residual,Proposed FGHC variant,PRBF,N2D Residual,FOV1_PND_16_Exp_200_Gain_46_40xObj0020048,32.74524346847231,37.575551250993264,4.830307782520954,0.7508484319808909,0.9289053989420832,0.17805696696119233,0.059714317321777344,16.746402619180706,70.1416015625
N2D_PRBF_Residual,Proposed FGHC variant,PRBF,N2D Residual,FOV1_PND_16_Exp_200_Gain_46_40xObj0020049,32.69677826340367,37.54424866585778,4.847470402454107,0.7500665175175175,0.9282667740856679,0.17820025656815042,0.10487103462219238,9.535521448821331,70.1416015625
N2D_GGB_Attention,Proposed FGHC variant,GGB,N2D Attention,FOV1_PND_16_Exp_200_Gain_46_40xObj0020000,32.729720333091535,37.788479064749104,5.058758731657569,0.7516204796483957,0.9362899622156909,0.1846694825672952,0.15494489669799805,6.45390730066504,73.146484375
N2D_GGB_Attention,Proposed FGHC variant,GGB,N2D Attention,FOV1_PND_16_Exp_200_Gain_46_40xObj0020001,32.76484287748777,37.81171475759672,5.046871880108945,0.7521623476770843,0.936874054152934,0.18471170647584967,0.14182281494140625,7.051051697240303,73.146484375
N2D_GGB_Attention,Proposed FGHC variant,GGB,N2D Attention,FOV1_PND_16_Exp_200_Gain_46_40xObj0020002,32.69719261975971,37.72468583589883,5.027493216139121,0.7499542285010486,0.935962755065324,0.18600852656427536,0.12569904327392578,7.955510033761997,73.146484375
N2D_GGB_Attention,Proposed FGHC variant,GGB,N2D Attention,FOV1_PND_16_Exp_200_Gain_46_40xObj0020003,32.72718937253372,37.82673184274535,5.099542470211631,0.7511937332778174,0.936867982429618,0.18567424915180064,0.12517952919006348,7.988526610302815,73.146484375
N2D_GGB_Attention,Proposed FGHC variant,GGB,N2D Attention,FOV1_PND_16_Exp_200_Gain_46_40xObj0020004,32.70605289645722,37.833571899879004,5.1275190034217815,0.7509473028087025,0.9370583880860918,0.1861110852773893,0.060785531997680664,16.45128317768373,73.146484375
N2D_GGB_Attention,Proposed FGHC variant,GGB,N2D Attention,FOV1_PND_16_Exp_200_Gain_46_40xObj0020005,32.733105051383895,37.84387859068347,5.110773539299572,0.751019527972109,0.936742785673279,0.18572325770116993,0.0615689754486084,16.24194641398085,73.146484375
N2D_GGB_Attention,Proposed FGHC variant,GGB,N2D Attention,FOV1_PND_16_Exp_200_Gain_46_40xObj0020006,32.756696787414725,37.84412310483486,5.087426317420132,0.7512313699323272,0.9368832572045003,0.18565188727217308,0.061914920806884766,16.151195656359505,73.146484375
N2D_GGB_Attention,Proposed FGHC variant,GGB,N2D Attention,FOV1_PND_16_Exp_200_Gain_46_40xObj0020007,32.752100791212925,37.81335241455182,5.061251623338897,0.7508459913626989,0.9362510518296888,0.1854050604669899,0.06114053726196289,16.355760756818306,73.146484375
N2D_GGB_Attention,Proposed FGHC variant,GGB,N2D Attention,FOV1_PND_16_Exp_200_Gain_46_40xObj0020008,32.72663323643756,37.76896280160644,5.042329565168885,0.7499428973437879,0.9359321876918082,0.18598929034802025,0.06106448173522949,16.37613178043362,73.146484375
N2D_GGB_Attention,Proposed FGHC variant,GGB,N2D Attention,FOV1_PND_16_Exp_200_Gain_46_40xObj0020009,32.73024533393844,37.76214148921929,5.031896155280847,0.7503300940082119,0.9357664426222437,0.1854363486140318,0.061395883560180664,16.287736929786067,73.146484375
N2D_GGB_Attention,Proposed FGHC variant,GGB,N2D Attention,FOV1_PND_16_Exp_200_Gain_46_40xObj0020010,32.76514386146915,37.83868139908097,5.07353753761182,0.7512222580745229,0.9362299988081274,0.1850077407336045,0.06364631652832031,15.71182834367227,73.146484375
N2D_GGB_Attention,Proposed FGHC variant,GGB,N2D Attention,FOV1_PND_16_Exp_200_Gain_46_40xObj0020011,32.76660814510982,37.83567028802,5.069062142910177,0.7515460875069281,0.9365076282766825,0.18496154076975446,0.12306356430053711,8.125881983702918,73.146484375
N2D_GGB_Attention,Proposed FGHC variant,GGB,N2D Attention,FOV1_PND_16_Exp_200_Gain_46_40xObj0020012,32.75056363298163,37.81231616937805,5.061752536396419,0.7512621594118221,0.9364785185361902,0.18521635912436818,0.07441091537475586,13.438888568480817,73.146484375
N2D_GGB_Attention,Proposed FGHC variant,GGB,N2D Attention,FOV1_PND_16_Exp_200_Gain_46_40xObj0020013,32.731045616561175,37.75228891277567,5.021243296214493,0.7506370156939456,0.9364230892434859,0.18578607354954035,0.061697959899902344,16.207991343998764,73.146484375
N2D_GGB_Attention,Proposed FGHC variant,GGB,N2D Attention,FOV1_PND_16_Exp_200_Gain_46_40xObj0020014,32.79528601801144,37.83406958213955,5.03878356412811,0.7522675395914412,0.9369172471637616,0.18464970757232035,0.06100916862487793,16.390978971515217,73.146484375
N2D_GGB_Attention,Proposed FGHC variant,GGB,N2D Attention,FOV1_PND_16_Exp_200_Gain_46_40xObj0020015,32.78712382176566,37.87121485584482,5.084091034079158,0.7523310361379044,0.9370584241538386,0.18472738801593414,0.061972856521606445,16.13609660951091,73.146484375
N2D_GGB_Attention,Proposed FGHC variant,GGB,N2D Attention,FOV1_PND_16_Exp_200_Gain_46_40xObj0020016,32.835814213218974,38.04169554909757,5.205881335878594,0.7538785420017229,0.9383846808928605,0.18450613889113765,0.06168675422668457,16.210935597701106,73.146484375
N2D_GGB_Attention,Proposed FGHC variant,GGB,N2D Attention,FOV1_PND_16_Exp_200_Gain_46_40xObj0020017,32.81764805870415,38.02480321293964,5.207155154235487,0.7530695999494535,0.9382032260507888,0.1851336261013352,0.12644648551940918,7.908483940002451,73.146484375
N2D_GGB_Attention,Proposed FGHC variant,GGB,N2D Attention,FOV1_PND_16_Exp_200_Gain_46_40xObj0020018,32.77446638642729,38.01263049055771,5.238164104130419,0.7517214043380198,0.9382535723647693,0.18653216802674943,0.12661004066467285,7.89826774203875,73.146484375
N2D_GGB_Attention,Proposed FGHC variant,GGB,N2D Attention,FOV1_PND_16_Exp_200_Gain_46_40xObj0020019,32.78224749159582,38.00875534349224,5.226507851896422,0.7516318768816026,0.9380270208767163,0.1863951439951137,0.06132173538208008,16.307431512974237,73.146484375
N2D_GGB_Attention,Proposed FGHC variant,GGB,N2D Attention,FOV1_PND_16_Exp_200_Gain_46_40xObj0020020,32.771914527658325,37.962496324995115,5.19058179733679,0.750624173254128,0.9374552103142678,0.18683103706013982,0.06267237663269043,15.955992954612029,73.146484375
N2D_GGB_Attention,Proposed FGHC variant,GGB,N2D Attention,FOV1_PND_16_Exp_200_Gain_46_40xObj0020021,32.75356116337017,38.060471014634174,5.3069098512640025,0.7506428792633705,0.9378547970892163,0.18721191782584579,0.061691999435424805,16.209557303240516,73.146484375
N2D_GGB_Attention,Proposed FGHC variant,GGB,N2D Attention,FOV1_PND_16_Exp_200_Gain_46_40xObj0020022,32.69612504500138,37.93731370110067,5.24118865609929,0.7499275885806367,0.9370347579947976,0.18710716941416095,0.06286334991455078,15.907520063109668,73.146484375
N2D_GGB_Attention,Proposed FGHC variant,GGB,N2D Attention,FOV1_PND_16_Exp_200_Gain_46_40xObj0020023,32.66428462928949,37.858151156766915,5.193866527477425,0.7494415289606451,0.9369143072605048,0.18747277829985975,0.06380844116210938,15.671907694147187,73.146484375
N2D_GGB_Attention,Proposed FGHC variant,GGB,N2D Attention,FOV1_PND_16_Exp_200_Gain_46_40xObj0020024,32.68353118330619,37.872504084711935,5.188972901405748,0.7496438516774854,0.937030498916997,0.1873866472395116,0.1377124786376953,7.261506073323084,73.146484375
N2D_GGB_Attention,Proposed FGHC variant,GGB,N2D Attention,FOV1_PND_16_Exp_200_Gain_46_40xObj0020025,32.758796316383794,37.90552879972933,5.146732483345538,0.7510944497379425,0.9375696534326249,0.1864752036946824,0.12622928619384766,7.922091854851504,73.146484375
N2D_GGB_Attention,Proposed FGHC variant,GGB,N2D Attention,FOV1_PND_16_Exp_200_Gain_46_40xObj0020026,32.79031284422896,37.95908018909278,5.168767344863824,0.7519247376532702,0.9376856985230528,0.18576096086978267,0.1323559284210205,7.555385028308123,73.146484375
N2D_GGB_Attention,Proposed FGHC variant,GGB,N2D Attention,FOV1_PND_16_Exp_200_Gain_46_40xObj0020027,32.751264935942366,37.889174659707066,5.1379097237647,0.7510201024507378,0.9375856836643622,0.18656558121362443,0.06193208694458008,16.146718919626426,73.146484375
N2D_GGB_Attention,Proposed FGHC variant,GGB,N2D Attention,FOV1_PND_16_Exp_200_Gain_46_40xObj0020028,32.773062654428855,37.827717972452,5.054655318023144,0.752131773119825,0.9374768491782713,0.1853450760584463,0.062084197998046875,16.10715821812596,73.146484375
N2D_GGB_Attention,Proposed FGHC variant,GGB,N2D Attention,FOV1_PND_16_Exp_200_Gain_46_40xObj0020029,32.77477576067859,37.84253736786933,5.0677616071907465,0.7532751478755816,0.9380791949057872,0.1848040470302056,0.06190013885498047,16.15505261373966,73.146484375
N2D_GGB_Attention,Proposed FGHC variant,GGB,N2D Attention,FOV1_PND_16_Exp_200_Gain_46_40xObj0020030,32.79226682925153,37.90660588465093,5.114339055399398,0.7532713738998419,0.938516389764021,0.18524501586417907,0.06138157844543457,16.291532823466806,73.146484375
N2D_GGB_Attention,Proposed FGHC variant,GGB,N2D Attention,FOV1_PND_16_Exp_200_Gain_46_40xObj0020031,32.78343269078992,37.94440542356929,5.160972732779371,0.752779873335576,0.9387093287145793,0.1859294553790033,0.06134200096130371,16.302044020879407,73.146484375
N2D_GGB_Attention,Proposed FGHC variant,GGB,N2D Attention,FOV1_PND_16_Exp_200_Gain_46_40xObj0020032,32.77793882007581,37.97658218159863,5.198643361522819,0.7524626197294366,0.9380434153729894,0.1855807956435528,0.0611875057220459,16.343205826082553,73.146484375
N2D_GGB_Attention,Proposed FGHC variant,GGB,N2D Attention,FOV1_PND_16_Exp_200_Gain_46_40xObj0020033,32.70812332571143,37.93110843568933,5.222985109977898,0.7498764404302737,0.9374221447273025,0.18754570429702877,0.0640864372253418,15.60392562444661,73.146484375
N2D_GGB_Attention,Proposed FGHC variant,GGB,N2D Attention,FOV1_PND_16_Exp_200_Gain_46_40xObj0020034,32.71291328204125,37.83531945442519,5.12240617238394,0.7506723155478999,0.9373958987920488,0.18672358324414884,0.13194918632507324,7.578675002484483,73.146484375
N2D_GGB_Attention,Proposed FGHC variant,GGB,N2D Attention,FOV1_PND_16_Exp_200_Gain_46_40xObj0020035,32.74639511435541,37.854270942850114,5.107875828494706,0.7512933264172649,0.9376138221535135,0.18632049573624865,0.09245061874389648,10.816585260182688,73.146484375
N2D_GGB_Attention,Proposed FGHC variant,GGB,N2D Attention,FOV1_PND_16_Exp_200_Gain_46_40xObj0020036,32.76355538310524,37.80361561904016,5.0400602359349165,0.7515306387735218,0.9373780615597963,0.18584742278627453,0.06392788887023926,15.64262511514808,73.146484375
N2D_GGB_Attention,Proposed FGHC variant,GGB,N2D Attention,FOV1_PND_16_Exp_200_Gain_46_40xObj0020037,32.792202861447166,37.84823020806937,5.056027346622201,0.7519593618367516,0.9373607334568103,0.18540137162005865,0.06154680252075195,16.247797757857956,73.146484375
N2D_GGB_Attention,Proposed FGHC variant,GGB,N2D Attention,FOV1_PND_16_Exp_200_Gain_46_40xObj0020038,32.763698365697074,37.81710220777623,5.053403842079156,0.7515369482714643,0.9368420870600443,0.18530513878858001,0.06201958656311035,16.12393850743285,73.146484375
N2D_GGB_Attention,Proposed FGHC variant,GGB,N2D Attention,FOV1_PND_16_Exp_200_Gain_46_40xObj0020039,32.78129076745015,37.892126931198334,5.110836163748182,0.7520104758964109,0.9372853906497904,0.18527491475337954,0.06259489059448242,15.975744833207639,73.146484375
N2D_GGB_Attention,Proposed FGHC variant,GGB,N2D Attention,FOV1_PND_16_Exp_200_Gain_46_40xObj0020040,32.77192031577153,37.88141010581635,5.109489790044819,0.752110930603679,0.9371400181210942,0.1850290875174152,0.12769770622253418,7.8309942252003815,73.146484375
N2D_GGB_Attention,Proposed FGHC variant,GGB,N2D Attention,FOV1_PND_16_Exp_200_Gain_46_40xObj0020041,32.77499344594247,37.71880146797427,4.943808022031796,0.7517710501850735,0.9365507336835767,0.18477968349850316,0.12602734565734863,7.934785857657157,73.146484375
N2D_GGB_Attention,Proposed FGHC variant,GGB,N2D Attention,FOV1_PND_16_Exp_200_Gain_46_40xObj0020042,32.763621818875556,37.73385847791696,4.970236659041404,0.7516333366361962,0.9367867505205462,0.18515341388434992,0.06204390525817871,16.117618577340902,73.146484375
N2D_GGB_Attention,Proposed FGHC variant,GGB,N2D Attention,FOV1_PND_16_Exp_200_Gain_46_40xObj0020043,32.79769637927642,37.71143714609512,4.913740766818705,0.7530925785373433,0.9368912833641817,0.18379870482683835,0.0635526180267334,15.734993003425133,73.146484375
N2D_GGB_Attention,Proposed FGHC variant,GGB,N2D Attention,FOV1_PND_16_Exp_200_Gain_46_40xObj0020044,32.77508226080273,37.77906975617245,5.003987495369714,0.7521979736200052,0.937185890648549,0.18498791702854378,0.0637977123260498,15.674543232668254,73.146484375
N2D_GGB_Attention,Proposed FGHC variant,GGB,N2D Attention,FOV1_PND_16_Exp_200_Gain_46_40xObj0020045,32.73514968010736,37.71764844714741,4.982498767040049,0.7513325508085971,0.936855406124582,0.1855228553159849,0.06235027313232422,16.03842212331177,73.146484375
N2D_GGB_Attention,Proposed FGHC variant,GGB,N2D Attention,FOV1_PND_16_Exp_200_Gain_46_40xObj0020046,32.734736468913276,37.79630354606659,5.061567077153313,0.7510755233605609,0.9372393619984694,0.18616383863790842,0.06347990036010742,15.75301779503782,73.146484375
N2D_GGB_Attention,Proposed FGHC variant,GGB,N2D Attention,FOV1_PND_16_Exp_200_Gain_46_40xObj0020047,32.73763982278474,37.840557043600256,5.102917220815513,0.7506945353985589,0.9368636860500684,0.18616915065150952,0.19135260581970215,5.225954440057264,73.146484375
N2D_GGB_Attention,Proposed FGHC variant,GGB,N2D Attention,FOV1_PND_16_Exp_200_Gain_46_40xObj0020048,32.74524346847231,37.916093560656606,5.1708500921842955,0.7508484319808909,0.9373013233929167,0.1864528914120258,0.06388545036315918,15.653016364688101,73.146484375
N2D_GGB_Attention,Proposed FGHC variant,GGB,N2D Attention,FOV1_PND_16_Exp_200_Gain_46_40xObj0020049,32.69677826340367,37.86911638533364,5.172338121929968,0.7500665175175175,0.936849966780247,0.1867834492627295,0.0639348030090332,15.640933465591695,73.146484375
N2D_GGB_SFT_Modulation,Proposed FGHC variant,GGB,N2D SFT,FOV1_PND_16_Exp_200_Gain_46_40xObj0020000,32.729720333091535,37.84901783367704,5.119297500585503,0.7516204796483957,0.9367408960441713,0.1851204163957756,0.07426023483276367,13.466157254310206,79.15283203125
N2D_GGB_SFT_Modulation,Proposed FGHC variant,GGB,N2D SFT,FOV1_PND_16_Exp_200_Gain_46_40xObj0020001,32.76484287748777,37.88359016891965,5.11874729143188,0.7521623476770843,0.9373064632995632,0.1851441156224789,0.07308793067932129,13.682149579354956,79.15283203125
N2D_GGB_SFT_Modulation,Proposed FGHC variant,GGB,N2D SFT,FOV1_PND_16_Exp_200_Gain_46_40xObj0020002,32.69719261975971,37.7977369476974,5.1005443279376905,0.7499542285010486,0.9364651561442657,0.18651092764321708,0.07373762130737305,13.561598303144743,79.15283203125
N2D_GGB_SFT_Modulation,Proposed FGHC variant,GGB,N2D SFT,FOV1_PND_16_Exp_200_Gain_46_40xObj0020003,32.72718937253372,37.880053073784296,5.152863701250574,0.7511937332778174,0.9371736720317386,0.18597993875392127,0.13496851921081543,7.409135151272127,79.15283203125
N2D_GGB_SFT_Modulation,Proposed FGHC variant,GGB,N2D SFT,FOV1_PND_16_Exp_200_Gain_46_40xObj0020004,32.70605289645722,37.89621430512515,5.190161408667926,0.7509473028087025,0.9374578566598268,0.18651055385112436,0.07193136215209961,13.902141848579062,79.15283203125
N2D_GGB_SFT_Modulation,Proposed FGHC variant,GGB,N2D SFT,FOV1_PND_16_Exp_200_Gain_46_40xObj0020005,32.733105051383895,37.908774498668755,5.175669447284861,0.751019527972109,0.9371949497392813,0.18617542176717228,0.0719614028930664,13.89633831188624,79.15283203125
N2D_GGB_SFT_Modulation,Proposed FGHC variant,GGB,N2D SFT,FOV1_PND_16_Exp_200_Gain_46_40xObj0020006,32.756696787414725,37.9137379523183,5.157041164903575,0.7512313699323272,0.9373685567934915,0.18613718686116432,0.07181096076965332,13.92545078470237,79.15283203125
N2D_GGB_SFT_Modulation,Proposed FGHC variant,GGB,N2D SFT,FOV1_PND_16_Exp_200_Gain_46_40xObj0020007,32.752100791212925,37.88753061827271,5.135429827059788,0.7508459913626989,0.9369165160910722,0.18607052472837327,0.07287716865539551,13.721718591024933,79.15283203125
N2D_GGB_SFT_Modulation,Proposed FGHC variant,GGB,N2D SFT,FOV1_PND_16_Exp_200_Gain_46_40xObj0020008,32.72663323643756,37.83753792198743,5.110904685549876,0.7499428973437879,0.9364466450930409,0.18650374774925293,0.08796262741088867,11.368464419881716,79.15283203125
N2D_GGB_SFT_Modulation,Proposed FGHC variant,GGB,N2D SFT,FOV1_PND_16_Exp_200_Gain_46_40xObj0020009,32.73024533393844,37.830517947174435,5.100272613235994,0.7503300940082119,0.936349025357419,0.1860189313492071,0.15281248092651367,6.543968096957291,79.15283203125
N2D_GGB_SFT_Modulation,Proposed FGHC variant,GGB,N2D SFT,FOV1_PND_16_Exp_200_Gain_46_40xObj0020010,32.76514386146915,37.899700711014795,5.134556849545646,0.7512222580745229,0.9366799362946164,0.1854576782200935,0.14187264442443848,7.04857517851231,79.15283203125
N2D_GGB_SFT_Modulation,Proposed FGHC variant,GGB,N2D SFT,FOV1_PND_16_Exp_200_Gain_46_40xObj0020011,32.76660814510982,37.90197117943209,5.135363034322268,0.7515460875069281,0.937051026934346,0.18550493942741797,0.13959050178527832,7.16381119926215,79.15283203125
N2D_GGB_SFT_Modulation,Proposed FGHC variant,GGB,N2D SFT,FOV1_PND_16_Exp_200_Gain_46_40xObj0020012,32.75056363298163,37.88075577888851,5.130192145906882,0.7512621594118221,0.9371064577142119,0.1858442983023898,0.07269620895385742,13.755875504247156,79.15283203125
N2D_GGB_SFT_Modulation,Proposed FGHC variant,GGB,N2D SFT,FOV1_PND_16_Exp_200_Gain_46_40xObj0020013,32.731045616561175,37.83596026305986,5.104914646498685,0.7506370156939456,0.9371396111552982,0.18650259546135262,-0.8615281581878662,0.0,79.15283203125
N2D_GGB_SFT_Modulation,Proposed FGHC variant,GGB,N2D SFT,FOV1_PND_16_Exp_200_Gain_46_40xObj0020014,32.79528601801144,37.904488675257966,5.109202657246527,0.7522675395914412,0.9374823109634862,0.185214771372045,0.07138967514038086,14.00762782620312,79.15283203125
N2D_GGB_SFT_Modulation,Proposed FGHC variant,GGB,N2D SFT,FOV1_PND_16_Exp_200_Gain_46_40xObj0020015,32.78712382176566,37.93988084015386,5.1527570183882005,0.7523310361379044,0.9376626811235198,0.18533164498561538,0.07176041603088379,13.93525923218765,79.15283203125
N2D_GGB_SFT_Modulation,Proposed FGHC variant,GGB,N2D SFT,FOV1_PND_16_Exp_200_Gain_46_40xObj0020016,32.835814213218974,38.09860542374019,5.262791210521215,0.7538785420017229,0.9388329008027707,0.18495435880104782,0.07236003875732422,13.819782537067546,79.15283203125
N2D_GGB_SFT_Modulation,Proposed FGHC variant,GGB,N2D SFT,FOV1_PND_16_Exp_200_Gain_46_40xObj0020017,32.81764805870415,38.09185083271135,5.2742027740072,0.7530695999494535,0.9387279822228244,0.18565838227337084,0.0713968276977539,14.006224537500835,79.15283203125
N2D_GGB_SFT_Modulation,Proposed FGHC variant,GGB,N2D SFT,FOV1_PND_16_Exp_200_Gain_46_40xObj0020018,32.77446638642729,38.080417956946995,5.305951570519703,0.7517214043380198,0.938757833425344,0.1870364290873242,0.13738226890563965,7.278959708307374,79.15283203125
N2D_GGB_SFT_Modulation,Proposed FGHC variant,GGB,N2D SFT,FOV1_PND_16_Exp_200_Gain_46_40xObj0020019,32.78224749159582,38.07216469611237,5.289917204516549,0.7516318768816026,0.9385283428489393,0.18689646596733667,0.13664603233337402,7.318178090676716,79.15283203125
N2D_GGB_SFT_Modulation,Proposed FGHC variant,GGB,N2D SFT,FOV1_PND_16_Exp_200_Gain_46_40xObj0020020,32.771914527658325,38.03347389979806,5.261559372139736,0.750624173254128,0.9380806784916599,0.18745650523753188,0.10349512100219727,9.662291229929277,79.15283203125
N2D_GGB_SFT_Modulation,Proposed FGHC variant,GGB,N2D SFT,FOV1_PND_16_Exp_200_Gain_46_40xObj0020021,32.75356116337017,38.120528207049084,5.366967043678912,0.7506428792633705,0.9385903435760979,0.18794746431272746,0.0693204402923584,14.425759498677563,79.15283203125
N2D_GGB_SFT_Modulation,Proposed FGHC variant,GGB,N2D SFT,FOV1_PND_16_Exp_200_Gain_46_40xObj0020022,32.69612504500138,38.00323222836702,5.307107183365638,0.7499275885806367,0.9376692856771157,0.18774169709647903,0.06962323188781738,14.363021837470592,79.15283203125
N2D_GGB_SFT_Modulation,Proposed FGHC variant,GGB,N2D SFT,FOV1_PND_16_Exp_200_Gain_46_40xObj0020023,32.66428462928949,37.9308331330626,5.266548503773109,0.7494415289606451,0.9375262005990103,0.18808467163836518,0.07005620002746582,14.274254093255784,79.15283203125
N2D_GGB_SFT_Modulation,Proposed FGHC variant,GGB,N2D SFT,FOV1_PND_16_Exp_200_Gain_46_40xObj0020024,32.68353118330619,37.957800029583495,5.274268846277309,0.7496438516774854,0.9377104645574263,0.18806661287994098,0.0693209171295166,14.42566026833773,79.15283203125
N2D_GGB_SFT_Modulation,Proposed FGHC variant,GGB,N2D SFT,FOV1_PND_16_Exp_200_Gain_46_40xObj0020025,32.758796316383794,37.992209165083175,5.2334128486993805,0.7510944497379425,0.9381697712116308,0.18707532147368833,0.13685393333435059,7.307060715287444,79.15283203125
N2D_GGB_SFT_Modulation,Proposed FGHC variant,GGB,N2D SFT,FOV1_PND_16_Exp_200_Gain_46_40xObj0020026,32.79031284422896,38.039720197871745,5.249407353642788,0.7519247376532702,0.9383161833789005,0.18639144572563038,0.07248449325561523,13.796054232917355,79.15283203125
N2D_GGB_SFT_Modulation,Proposed FGHC variant,GGB,N2D SFT,FOV1_PND_16_Exp_200_Gain_46_40xObj0020027,32.751264935942366,37.97237963242695,5.221114696484584,0.7510201024507378,0.9381776978021202,0.18715759535138243,0.06798696517944336,14.708701842487322,79.15283203125
N2D_GGB_SFT_Modulation,Proposed FGHC variant,GGB,N2D SFT,FOV1_PND_16_Exp_200_Gain_46_40xObj0020028,32.773062654428855,37.91553856664382,5.142475912214962,0.752131773119825,0.9379839752733631,0.18585220215353804,0.06690478324890137,14.946614448772179,79.15283203125
N2D_GGB_SFT_Modulation,Proposed FGHC variant,GGB,N2D SFT,FOV1_PND_16_Exp_200_Gain_46_40xObj0020029,32.77477576067859,37.91232667075044,5.137550910071852,0.7532751478755816,0.9386281105101789,0.18535296263459733,0.06678485870361328,14.97345385483157,79.15283203125
N2D_GGB_SFT_Modulation,Proposed FGHC variant,GGB,N2D SFT,FOV1_PND_16_Exp_200_Gain_46_40xObj0020030,32.79226682925153,37.96545209863084,5.17318526937931,0.7532713738998419,0.9389198325411764,0.1856484586413345,0.06742191314697266,14.831973068164137,79.15283203125
N2D_GGB_SFT_Modulation,Proposed FGHC variant,GGB,N2D SFT,FOV1_PND_16_Exp_200_Gain_46_40xObj0020031,32.78343269078992,38.00251639577146,5.219083704981536,0.752779873335576,0.9390652598910303,0.18628538655545424,0.06778287887573242,14.752988019781782,79.15283203125
N2D_GGB_SFT_Modulation,Proposed FGHC variant,GGB,N2D SFT,FOV1_PND_16_Exp_200_Gain_46_40xObj0020032,32.77793882007581,38.02901258899437,5.251073768918559,0.7524626197294366,0.9385049415323844,0.18604232180294777,0.13676786422729492,7.311659106835923,79.15283203125
N2D_GGB_SFT_Modulation,Proposed FGHC variant,GGB,N2D SFT,FOV1_PND_16_Exp_200_Gain_46_40xObj0020033,32.70812332571143,37.98835112000013,5.280227794288699,0.7498764404302737,0.9380426701149399,0.18816622968466623,0.13686347007751465,7.306551554141037,79.15283203125
N2D_GGB_SFT_Modulation,Proposed FGHC variant,GGB,N2D SFT,FOV1_PND_16_Exp_200_Gain_46_40xObj0020034,32.71291328204125,37.89055178831505,5.1776385062738015,0.7506723155478999,0.9378965232542402,0.1872242077063403,0.1348867416381836,7.413627075983286,79.15283203125
N2D_GGB_SFT_Modulation,Proposed FGHC variant,GGB,N2D SFT,FOV1_PND_16_Exp_200_Gain_46_40xObj0020035,32.74639511435541,37.914187641891615,5.167792527536207,0.7512933264172649,0.9382172732253721,0.1869239468081072,0.07404351234436035,13.505572174226641,79.15283203125
N2D_GGB_SFT_Modulation,Proposed FGHC variant,GGB,N2D SFT,FOV1_PND_16_Exp_200_Gain_46_40xObj0020036,32.76355538310524,37.869019157377274,5.105463774272032,0.7515306387735218,0.9380540682140643,0.18652342944054257,0.07364702224731445,13.578281503926863,79.15283203125
N2D_GGB_SFT_Modulation,Proposed FGHC variant,GGB,N2D SFT,FOV1_PND_16_Exp_200_Gain_46_40xObj0020037,32.792202861447166,37.907271986114395,5.1150691246672295,0.7519593618367516,0.9379365981752849,0.18597723633853325,0.0736997127532959,13.568573914900087,79.15283203125
N2D_GGB_SFT_Modulation,Proposed FGHC variant,GGB,N2D SFT,FOV1_PND_16_Exp_200_Gain_46_40xObj0020038,32.763698365697074,37.88257614698572,5.118877781288646,0.7515369482714643,0.9373437036048732,0.18580675533340885,0.07226753234863281,13.837472617382353,79.15283203125
N2D_GGB_SFT_Modulation,Proposed FGHC variant,GGB,N2D SFT,FOV1_PND_16_Exp_200_Gain_46_40xObj0020039,32.78129076745015,37.959357819073524,5.178067051623373,0.7520104758964109,0.937803066535526,0.18579259063911513,0.0728611946105957,13.724726932415363,79.15283203125
N2D_GGB_SFT_Modulation,Proposed FGHC variant,GGB,N2D SFT,FOV1_PND_16_Exp_200_Gain_46_40xObj0020040,32.77192031577153,37.94684865916325,5.17492834339172,0.752110930603679,0.9376737349947962,0.18556280439111728,0.07333087921142578,13.636819996618678,79.15283203125
N2D_GGB_SFT_Modulation,Proposed FGHC variant,GGB,N2D SFT,FOV1_PND_16_Exp_200_Gain_46_40xObj0020041,32.77499344594247,37.792097099362564,5.017103653420094,0.7517710501850735,0.9370996128507002,0.1853285626656267,0.1381516456604004,7.238422642160669,79.15283203125
N2D_GGB_SFT_Modulation,Proposed FGHC variant,GGB,N2D SFT,FOV1_PND_16_Exp_200_Gain_46_40xObj0020042,32.763621818875556,37.80230417929796,5.038682360422406,0.7516333366361962,0.9372680918270886,0.18563475519089234,0.13110589981079102,7.627421812772551,79.15283203125
N2D_GGB_SFT_Modulation,Proposed FGHC variant,GGB,N2D SFT,FOV1_PND_16_Exp_200_Gain_46_40xObj0020043,32.79769637927642,37.78577287104756,4.988076491771146,0.7530925785373433,0.9374349114377775,0.1843423329004341,0.08635115623474121,11.58062084636772,79.15283203125
N2D_GGB_SFT_Modulation,Proposed FGHC variant,GGB,N2D SFT,FOV1_PND_16_Exp_200_Gain_46_40xObj0020044,32.77508226080273,37.8476470845557,5.07256482375297,0.7521979736200052,0.9378143092091756,0.18561633558917046,0.07400774955749512,13.51209847589164,79.15283203125
N2D_GGB_SFT_Modulation,Proposed FGHC variant,GGB,N2D SFT,FOV1_PND_16_Exp_200_Gain_46_40xObj0020045,32.73514968010736,37.794193936372366,5.059044256265004,0.7513325508085971,0.9375882285299771,0.18625567772138008,0.07298755645751953,13.700965596540055,79.15283203125
N2D_GGB_SFT_Modulation,Proposed FGHC variant,GGB,N2D SFT,FOV1_PND_16_Exp_200_Gain_46_40xObj0020046,32.734736468913276,37.846792978404814,5.112056509491538,0.7510755233605609,0.9378037204077668,0.1867281970472059,0.07239246368408203,13.813592591128852,79.15283203125
N2D_GGB_SFT_Modulation,Proposed FGHC variant,GGB,N2D SFT,FOV1_PND_16_Exp_200_Gain_46_40xObj0020047,32.73763982278474,37.89543742893101,5.157797606146268,0.7506945353985589,0.9374863800096529,0.186791844611094,0.14235806465148926,7.02454056570752,79.15283203125
N2D_GGB_SFT_Modulation,Proposed FGHC variant,GGB,N2D SFT,FOV1_PND_16_Exp_200_Gain_46_40xObj0020048,32.74524346847231,37.97108277218465,5.225839303712341,0.7508484319808909,0.9378383184051765,0.1869898864242856,0.07129549980163574,14.026130720484224,79.15283203125
N2D_GGB_SFT_Modulation,Proposed FGHC variant,GGB,N2D SFT,FOV1_PND_16_Exp_200_Gain_46_40xObj0020049,32.69677826340367,37.93159737820014,5.2348191147964656,0.7500665175175175,0.9373628670484931,0.18729634953097563,0.07060074806213379,14.164155868715829,79.15283203125
N2D_AD_Zhang_Attention,Proposed FGHC variant,AD Zhang,N2D Attention,FOV1_PND_16_Exp_200_Gain_46_40xObj0020000,32.729720333091535,37.856944471703244,5.127224138611709,0.7516204796483957,0.9367969368646095,0.18517645721621379,0.22974181175231934,4.352712257175384,73.146484375
N2D_AD_Zhang_Attention,Proposed FGHC variant,AD Zhang,N2D Attention,FOV1_PND_16_Exp_200_Gain_46_40xObj0020001,32.76484287748777,37.924127891284705,5.159285013796932,0.7521623476770843,0.9374848716986444,0.18532252402156002,0.2308335304260254,4.332126264994536,73.146484375
N2D_AD_Zhang_Attention,Proposed FGHC variant,AD Zhang,N2D Attention,FOV1_PND_16_Exp_200_Gain_46_40xObj0020002,32.69719261975971,37.802423477823936,5.105230858064225,0.7499542285010486,0.9365132274378948,0.18655899893684613,0.2900574207305908,3.447593229923992,73.146484375
N2D_AD_Zhang_Attention,Proposed FGHC variant,AD Zhang,N2D Attention,FOV1_PND_16_Exp_200_Gain_46_40xObj0020003,32.72718937253372,37.87200978304823,5.144820410514505,0.7511937332778174,0.9373425676092517,0.18614883433143437,0.5326399803161621,1.8774407422560064,73.146484375
N2D_AD_Zhang_Attention,Proposed FGHC variant,AD Zhang,N2D Attention,FOV1_PND_16_Exp_200_Gain_46_40xObj0020004,32.70605289645722,37.890826639389616,5.184773742932393,0.7509473028087025,0.9375458720919142,0.18659856928321172,0.22977471351623535,4.352088986194481,73.146484375
N2D_AD_Zhang_Attention,Proposed FGHC variant,AD Zhang,N2D Attention,FOV1_PND_16_Exp_200_Gain_46_40xObj0020005,32.733105051383895,37.894728160316916,5.161623108933021,0.751019527972109,0.9371814033202696,0.18616187534816053,0.2795548439025879,3.577115624397674,73.146484375
N2D_AD_Zhang_Attention,Proposed FGHC variant,AD Zhang,N2D Attention,FOV1_PND_16_Exp_200_Gain_46_40xObj0020006,32.756696787414725,37.92455601325396,5.167859225839237,0.7512313699323272,0.9373921171193796,0.18616074718705244,0.2956521511077881,3.3823532020757145,73.146484375
N2D_AD_Zhang_Attention,Proposed FGHC variant,AD Zhang,N2D Attention,FOV1_PND_16_Exp_200_Gain_46_40xObj0020007,32.752100791212925,37.89807309414134,5.1459723029284135,0.7508459913626989,0.9367674939605722,0.18592150259787332,0.2959606647491455,3.37882738859096,73.146484375
N2D_AD_Zhang_Attention,Proposed FGHC variant,AD Zhang,N2D Attention,FOV1_PND_16_Exp_200_Gain_46_40xObj0020008,32.72663323643756,37.853764204952,5.127130968514443,0.7499428973437879,0.9363444295507878,0.18640153220699984,0.22712492942810059,4.40286322825942,73.146484375
N2D_AD_Zhang_Attention,Proposed FGHC variant,AD Zhang,N2D Attention,FOV1_PND_16_Exp_200_Gain_46_40xObj0020009,32.73024533393844,37.83685094803217,5.106605614093731,0.7503300940082119,0.9361297979120335,0.1857997039038216,0.23128938674926758,4.323587926168284,73.146484375
N2D_AD_Zhang_Attention,Proposed FGHC variant,AD Zhang,N2D Attention,FOV1_PND_16_Exp_200_Gain_46_40xObj0020010,32.76514386146915,37.930738732540114,5.165594871070965,0.7512222580745229,0.9366780283094567,0.18545577023493376,0.577174186706543,1.7325792161741937,73.146484375
N2D_AD_Zhang_Attention,Proposed FGHC variant,AD Zhang,N2D Attention,FOV1_PND_16_Exp_200_Gain_46_40xObj0020011,32.76660814510982,37.9320394253883,5.165431280278476,0.7515460875069281,0.9369845667609007,0.1854384792539726,0.29988527297973633,3.3346085656816213,73.146484375
N2D_AD_Zhang_Attention,Proposed FGHC variant,AD Zhang,N2D Attention,FOV1_PND_16_Exp_200_Gain_46_40xObj0020012,32.75056363298163,37.89609711085927,5.145533477877642,0.7512621594118221,0.9368618282142913,0.18559966880246925,0.30141687393188477,3.317664293160918,73.146484375
N2D_AD_Zhang_Attention,Proposed FGHC variant,AD Zhang,N2D Attention,FOV1_PND_16_Exp_200_Gain_46_40xObj0020013,32.731045616561175,37.86936960418498,5.1383239876238065,0.7506370156939456,0.93697322821603,0.18633621252208443,0.2929353713989258,3.4137222665342732,73.146484375
N2D_AD_Zhang_Attention,Proposed FGHC variant,AD Zhang,N2D Attention,FOV1_PND_16_Exp_200_Gain_46_40xObj0020014,32.79528601801144,37.96529580995933,5.170009791947891,0.7522675395914412,0.9374339241097062,0.18516638451826495,0.22827959060668945,4.380593102267007,73.146484375
N2D_AD_Zhang_Attention,Proposed FGHC variant,AD Zhang,N2D Attention,FOV1_PND_16_Exp_200_Gain_46_40xObj0020015,32.78712382176566,37.9973701653496,5.21024634358394,0.7523310361379044,0.9376386371465936,0.18530760100868915,0.24190640449523926,4.1338301980329755,73.146484375
N2D_AD_Zhang_Attention,Proposed FGHC variant,AD Zhang,N2D Attention,FOV1_PND_16_Exp_200_Gain_46_40xObj0020016,32.835814213218974,38.14273332254524,5.306919109326266,0.7538785420017229,0.9388699847618592,0.18499144276013635,0.24001455307006836,4.166414024519864,73.146484375
N2D_AD_Zhang_Attention,Proposed FGHC variant,AD Zhang,N2D Attention,FOV1_PND_16_Exp_200_Gain_46_40xObj0020017,32.81764805870415,38.112641662145734,5.294993603441583,0.7530695999494535,0.9385817819630926,0.18551218201363906,0.393660306930542,2.5402611906626427,73.146484375
N2D_AD_Zhang_Attention,Proposed FGHC variant,AD Zhang,N2D Attention,FOV1_PND_16_Exp_200_Gain_46_40xObj0020018,32.77446638642729,38.06480377646403,5.29033739003674,0.7517214043380198,0.9385278071499806,0.18680640281196081,0.31988525390625,3.1261209692806715,73.146484375
N2D_AD_Zhang_Attention,Proposed FGHC variant,AD Zhang,N2D Attention,FOV1_PND_16_Exp_200_Gain_46_40xObj0020019,32.78224749159582,38.06571763321649,5.283470141620668,0.7516318768816026,0.9383215857778131,0.1866897088962105,0.3089413642883301,3.2368601799360084,73.146484375
N2D_AD_Zhang_Attention,Proposed FGHC variant,AD Zhang,N2D Attention,FOV1_PND_16_Exp_200_Gain_46_40xObj0020020,32.771914527658325,38.04323177304253,5.271317245384203,0.750624173254128,0.9378323273419564,0.18720815408782843,0.3012263774871826,3.3197623937915286,73.146484375
N2D_AD_Zhang_Attention,Proposed FGHC variant,AD Zhang,N2D Attention,FOV1_PND_16_Exp_200_Gain_46_40xObj0020021,32.75356116337017,38.09647965115083,5.342918487780658,0.7506428792633705,0.938285238588167,0.18764235932479656,0.31339383125305176,3.1908732727816327,73.146484375
N2D_AD_Zhang_Attention,Proposed FGHC variant,AD Zhang,N2D Attention,FOV1_PND_16_Exp_200_Gain_46_40xObj0020022,32.69612504500138,37.985945319908076,5.289820274906695,0.7499275885806367,0.9373153224377053,0.18738773385706864,0.24185538291931152,4.134702266823735,73.146484375
N2D_AD_Zhang_Attention,Proposed FGHC variant,AD Zhang,N2D Attention,FOV1_PND_16_Exp_200_Gain_46_40xObj0020023,32.66428462928949,37.9203666560192,5.2560820267297075,0.7494415289606451,0.9372316292317676,0.18779010027112253,0.2375636100769043,4.209398904471435,73.146484375
N2D_AD_Zhang_Attention,Proposed FGHC variant,AD Zhang,N2D Attention,FOV1_PND_16_Exp_200_Gain_46_40xObj0020024,32.68353118330619,37.95781807232786,5.274286889021674,0.7496438516774854,0.9375200542338537,0.18787620255636828,0.4627258777618408,2.161106711465762,73.146484375
N2D_AD_Zhang_Attention,Proposed FGHC variant,AD Zhang,N2D Attention,FOV1_PND_16_Exp_200_Gain_46_40xObj0020025,32.758796316383794,38.02632107266038,5.267524756276586,0.7510944497379425,0.9379922270902695,0.18689777735232704,0.3171110153198242,3.15346976828113,73.146484375
N2D_AD_Zhang_Attention,Proposed FGHC variant,AD Zhang,N2D Attention,FOV1_PND_16_Exp_200_Gain_46_40xObj0020026,32.79031284422896,38.08730676447597,5.2969939202470115,0.7519247376532702,0.9382098515989474,0.18628511394567726,0.29747748374938965,3.3615989600155807,73.146484375
N2D_AD_Zhang_Attention,Proposed FGHC variant,AD Zhang,N2D Attention,FOV1_PND_16_Exp_200_Gain_46_40xObj0020027,32.751264935942366,38.02751535861416,5.276250422671794,0.7510201024507378,0.9381552027178479,0.1871351002671101,0.2997443675994873,3.3361761156966288,73.146484375
N2D_AD_Zhang_Attention,Proposed FGHC variant,AD Zhang,N2D Attention,FOV1_PND_16_Exp_200_Gain_46_40xObj0020028,32.773062654428855,37.98180040546748,5.208737751038626,0.752131773119825,0.9380495854757305,0.18591781235590543,0.23490619659423828,4.257018394995067,73.146484375
N2D_AD_Zhang_Attention,Proposed FGHC variant,AD Zhang,N2D Attention,FOV1_PND_16_Exp_200_Gain_46_40xObj0020029,32.77477576067859,37.98391187425735,5.209136113578765,0.7532751478755816,0.9385796772404961,0.18530452936491448,0.23764276504516602,4.207996821657674,73.146484375
N2D_AD_Zhang_Attention,Proposed FGHC variant,AD Zhang,N2D Attention,FOV1_PND_16_Exp_200_Gain_46_40xObj0020030,32.79226682925153,38.02388014364694,5.23161331439541,0.7532713738998419,0.9389797183128925,0.18570834441305062,0.23691368103027344,4.220946615034095,73.146484375
N2D_AD_Zhang_Attention,Proposed FGHC variant,AD Zhang,N2D Attention,FOV1_PND_16_Exp_200_Gain_46_40xObj0020031,32.78343269078992,38.07535692533605,5.29192423454613,0.752779873335576,0.9391788738047889,0.18639900046921287,0.25893425941467285,3.8619841277879727,73.146484375
N2D_AD_Zhang_Attention,Proposed FGHC variant,AD Zhang,N2D Attention,FOV1_PND_16_Exp_200_Gain_46_40xObj0020032,32.77793882007581,38.09123187708678,5.313293057010966,0.7524626197294366,0.9385092729290555,0.18604665319961888,0.4628105163574219,2.160711489165286,73.146484375
N2D_AD_Zhang_Attention,Proposed FGHC variant,AD Zhang,N2D Attention,FOV1_PND_16_Exp_200_Gain_46_40xObj0020033,32.70812332571143,38.03752521531465,5.3294018896032185,0.7498764404302737,0.9377673633528559,0.18789092292258225,0.31191563606262207,3.2059950973385445,73.146484375
N2D_AD_Zhang_Attention,Proposed FGHC variant,AD Zhang,N2D Attention,FOV1_PND_16_Exp_200_Gain_46_40xObj0020034,32.71291328204125,37.95108378652091,5.238170504479662,0.7506723155478999,0.9377375937878232,0.18706527823992325,0.30904126167297363,3.2358138670110543,73.146484375
N2D_AD_Zhang_Attention,Proposed FGHC variant,AD Zhang,N2D Attention,FOV1_PND_16_Exp_200_Gain_46_40xObj0020035,32.74639511435541,37.97715942411382,5.230764309758413,0.7512933264172649,0.9379835357354168,0.18669020931815195,0.24138641357421875,4.142735231834129,73.146484375
N2D_AD_Zhang_Attention,Proposed FGHC variant,AD Zhang,N2D Attention,FOV1_PND_16_Exp_200_Gain_46_40xObj0020036,32.76355538310524,37.94882139585983,5.185266012754589,0.7515306387735218,0.9377627769954554,0.18623213822193363,0.24495530128479004,4.082377457254455,73.146484375
N2D_AD_Zhang_Attention,Proposed FGHC variant,AD Zhang,N2D Attention,FOV1_PND_16_Exp_200_Gain_46_40xObj0020037,32.792202861447166,37.999840173618026,5.20763731217086,0.7519593618367516,0.9377281732436328,0.18576881140688117,0.2400052547454834,4.166575440443847,73.146484375
N2D_AD_Zhang_Attention,Proposed FGHC variant,AD Zhang,N2D Attention,FOV1_PND_16_Exp_200_Gain_46_40xObj0020038,32.763698365697074,37.968871124206075,5.205172758509001,0.7515369482714643,0.9371497021338747,0.18561275386241038,0.23991060256958008,4.168219283722465,73.146484375
N2D_AD_Zhang_Attention,Proposed FGHC variant,AD Zhang,N2D Attention,FOV1_PND_16_Exp_200_Gain_46_40xObj0020039,32.78129076745015,38.04791088989491,5.266620122444756,0.7520104758964109,0.9376491122221452,0.1856386363257343,0.5410459041595459,1.8482720085523756,73.146484375
N2D_AD_Zhang_Attention,Proposed FGHC variant,AD Zhang,N2D Attention,FOV1_PND_16_Exp_200_Gain_46_40xObj0020040,32.77192031577153,38.03055512500881,5.258634809237279,0.752110930603679,0.9374318916179778,0.18532096101429885,0.31864452362060547,3.1382933829757307,73.146484375
N2D_AD_Zhang_Attention,Proposed FGHC variant,AD Zhang,N2D Attention,FOV1_PND_16_Exp_200_Gain_46_40xObj0020041,32.77499344594247,37.89276572193835,5.117772275995883,0.7517710501850735,0.9369348643110585,0.18516381412598504,0.30397653579711914,3.2897276014337593,73.146484375
N2D_AD_Zhang_Attention,Proposed FGHC variant,AD Zhang,N2D Attention,FOV1_PND_16_Exp_200_Gain_46_40xObj0020042,32.763621818875556,37.905022861297965,5.141401042422409,0.7516333366361962,0.9372929154291437,0.18565957879294748,0.2622826099395752,3.81268129149081,73.146484375
N2D_AD_Zhang_Attention,Proposed FGHC variant,AD Zhang,N2D Attention,FOV1_PND_16_Exp_200_Gain_46_40xObj0020043,32.79769637927642,37.87151969946991,5.07382332019349,0.7530925785373433,0.937359124087385,0.18426654555004163,0.24406862258911133,4.097208356370727,73.146484375
N2D_AD_Zhang_Attention,Proposed FGHC variant,AD Zhang,N2D Attention,FOV1_PND_16_Exp_200_Gain_46_40xObj0020044,32.77508226080273,37.91484755107544,5.139765290272706,0.7521979736200052,0.9376308749878771,0.18543290136787194,0.23587703704833984,4.23949703842966,73.146484375
N2D_AD_Zhang_Attention,Proposed FGHC variant,AD Zhang,N2D Attention,FOV1_PND_16_Exp_200_Gain_46_40xObj0020045,32.73514968010736,37.86403121692272,5.128881536815356,0.7513325508085971,0.9373170059748733,0.18598445516627626,0.2559518814086914,3.9069843694692326,73.146484375
N2D_AD_Zhang_Attention,Proposed FGHC variant,AD Zhang,N2D Attention,FOV1_PND_16_Exp_200_Gain_46_40xObj0020046,32.734736468913276,37.919701699474146,5.18496523056087,0.7510755233605609,0.9376018756526804,0.18652635229211945,0.6495189666748047,1.539600922078494,73.146484375
N2D_AD_Zhang_Attention,Proposed FGHC variant,AD Zhang,N2D Attention,FOV1_PND_16_Exp_200_Gain_46_40xObj0020047,32.73763982278474,37.92739806459386,5.189758241809116,0.7506945353985589,0.9371494251035188,0.18645488970495994,0.3007373809814453,3.3251603001147947,73.146484375
N2D_AD_Zhang_Attention,Proposed FGHC variant,AD Zhang,N2D Attention,FOV1_PND_16_Exp_200_Gain_46_40xObj0020048,32.74524346847231,38.006388660622015,5.261145192149705,0.7508484319808909,0.9376281086180408,0.1867796766371499,0.25397515296936035,3.9373930414391376,73.146484375
N2D_AD_Zhang_Attention,Proposed FGHC variant,AD Zhang,N2D Attention,FOV1_PND_16_Exp_200_Gain_46_40xObj0020049,32.69677826340367,37.95146635349701,5.254688090093339,0.7500665175175175,0.9372233256216478,0.18715680810413027,0.2495708465576172,4.006878262398068,73.146484375
N2D_AD_Zhang_SFT_Modulation,Proposed FGHC variant,AD Zhang,N2D SFT,FOV1_PND_16_Exp_200_Gain_46_40xObj0020000,32.729720333091535,37.87219188764206,5.142471554550525,0.7516204796483957,0.9372664114025379,0.18564593175414212,0.24814152717590332,4.029958271720948,79.15283203125
N2D_AD_Zhang_SFT_Modulation,Proposed FGHC variant,AD Zhang,N2D SFT,FOV1_PND_16_Exp_200_Gain_46_40xObj0020001,32.76484287748777,37.884396756645685,5.1195538791579125,0.7521623476770843,0.937799875742294,0.1856375280652096,0.3173542022705078,3.151053280043273,79.15283203125
N2D_AD_Zhang_SFT_Modulation,Proposed FGHC variant,AD Zhang,N2D SFT,FOV1_PND_16_Exp_200_Gain_46_40xObj0020002,32.69719261975971,37.82712987232989,5.12993725257018,0.7499542285010486,0.9369813401253406,0.18702711162429198,0.24531030654907227,4.0764695705924545,79.15283203125
N2D_AD_Zhang_SFT_Modulation,Proposed FGHC variant,AD Zhang,N2D SFT,FOV1_PND_16_Exp_200_Gain_46_40xObj0020003,32.72718937253372,37.91717800078233,5.1899886282486065,0.7511937332778174,0.9375881245220722,0.18639439124425483,0.5337269306182861,1.8736172799854196,79.15283203125
N2D_AD_Zhang_SFT_Modulation,Proposed FGHC variant,AD Zhang,N2D SFT,FOV1_PND_16_Exp_200_Gain_46_40xObj0020004,32.70605289645722,37.91863503566517,5.212582139207946,0.7509473028087025,0.9378859181028973,0.18693861529419487,0.25444912910461426,3.9300586467673067,79.15283203125
N2D_AD_Zhang_SFT_Modulation,Proposed FGHC variant,AD Zhang,N2D SFT,FOV1_PND_16_Exp_200_Gain_46_40xObj0020005,32.733105051383895,37.91736779250393,5.184262741120037,0.751019527972109,0.9375225756218905,0.18650304764978143,0.31435680389404297,3.1810986357306894,79.15283203125
N2D_AD_Zhang_SFT_Modulation,Proposed FGHC variant,AD Zhang,N2D SFT,FOV1_PND_16_Exp_200_Gain_46_40xObj0020006,32.756696787414725,37.902124681838146,5.14542789442342,0.7512313699323272,0.9377402971471437,0.1865089272148165,0.25441980361938477,3.9305116416802703,79.15283203125
N2D_AD_Zhang_SFT_Modulation,Proposed FGHC variant,AD Zhang,N2D SFT,FOV1_PND_16_Exp_200_Gain_46_40xObj0020007,32.752100791212925,37.86488040934748,5.112779618134553,0.7508459913626989,0.9372594878059242,0.18641349644322525,0.25225830078125,3.96419066053714,79.15283203125
N2D_AD_Zhang_SFT_Modulation,Proposed FGHC variant,AD Zhang,N2D SFT,FOV1_PND_16_Exp_200_Gain_46_40xObj0020008,32.72663323643756,37.81334163509764,5.086708398660086,0.7499428973437879,0.9368249810782942,0.1868820837345062,0.24652385711669922,4.0564025392748135,79.15283203125
N2D_AD_Zhang_SFT_Modulation,Proposed FGHC variant,AD Zhang,N2D SFT,FOV1_PND_16_Exp_200_Gain_46_40xObj0020009,32.73024533393844,37.81820999700813,5.087964663069691,0.7503300940082119,0.9366916424738454,0.18636154846563346,0.256361722946167,3.900738333740987,79.15283203125
N2D_AD_Zhang_SFT_Modulation,Proposed FGHC variant,AD Zhang,N2D SFT,FOV1_PND_16_Exp_200_Gain_46_40xObj0020010,32.76514386146915,37.874442289942266,5.109298428473117,0.7512222580745229,0.9369816541107593,0.18575939603623637,0.6427485942840576,1.5558182606589381,79.15283203125
N2D_AD_Zhang_SFT_Modulation,Proposed FGHC variant,AD Zhang,N2D SFT,FOV1_PND_16_Exp_200_Gain_46_40xObj0020011,32.76660814510982,37.86196424431941,5.095356099209589,0.7515460875069281,0.9372660043505032,0.18571991684357514,0.31300783157348633,3.1948082416117605,79.15283203125
N2D_AD_Zhang_SFT_Modulation,Proposed FGHC variant,AD Zhang,N2D SFT,FOV1_PND_16_Exp_200_Gain_46_40xObj0020012,32.75056363298163,37.84474504958811,5.094181416606482,0.7512621594118221,0.9372884237574678,0.18602626434564573,0.31384992599487305,3.186236214108063,79.15283203125
N2D_AD_Zhang_SFT_Modulation,Proposed FGHC variant,AD Zhang,N2D SFT,FOV1_PND_16_Exp_200_Gain_46_40xObj0020013,32.731045616561175,37.77736046667819,5.046314850117014,0.7506370156939456,0.9372605289599897,0.1866235132660441,0.25165605545043945,3.9736774790103855,79.15283203125
N2D_AD_Zhang_SFT_Modulation,Proposed FGHC variant,AD Zhang,N2D SFT,FOV1_PND_16_Exp_200_Gain_46_40xObj0020014,32.79528601801144,37.837090937852665,5.041804919841226,0.7522675395914412,0.9375951265835575,0.18532758699211627,0.24697327613830566,4.049021074814578,79.15283203125
N2D_AD_Zhang_SFT_Modulation,Proposed FGHC variant,AD Zhang,N2D SFT,FOV1_PND_16_Exp_200_Gain_46_40xObj0020015,32.78712382176566,37.88745072995572,5.1003269081900555,0.7523310361379044,0.9377757898863073,0.18544475374840286,0.25466036796569824,3.926798692659928,79.15283203125
N2D_AD_Zhang_SFT_Modulation,Proposed FGHC variant,AD Zhang,N2D SFT,FOV1_PND_16_Exp_200_Gain_46_40xObj0020016,32.835814213218974,38.073371657344246,5.237557444125272,0.7538785420017229,0.9390747352185942,0.1851961932168713,0.2756531238555908,3.627747750552902,79.15283203125
N2D_AD_Zhang_SFT_Modulation,Proposed FGHC variant,AD Zhang,N2D SFT,FOV1_PND_16_Exp_200_Gain_46_40xObj0020017,32.81764805870415,38.08501656685991,5.267368508155762,0.7530695999494535,0.9391763062035215,0.186106706254068,0.6551418304443359,1.5263870409889282,79.15283203125
N2D_AD_Zhang_SFT_Modulation,Proposed FGHC variant,AD Zhang,N2D SFT,FOV1_PND_16_Exp_200_Gain_46_40xObj0020018,32.77446638642729,38.09924900529959,5.324782618872298,0.7517214043380198,0.9391526762650174,0.1874312719269976,0.3157973289489746,3.1665878977766035,79.15283203125
N2D_AD_Zhang_SFT_Modulation,Proposed FGHC variant,AD Zhang,N2D SFT,FOV1_PND_16_Exp_200_Gain_46_40xObj0020019,32.78224749159582,38.0910890536999,5.308841562104085,0.7516318768816026,0.9389648781844061,0.1873330013028035,0.25314831733703613,3.950253395003301,79.15283203125
N2D_AD_Zhang_SFT_Modulation,Proposed FGHC variant,AD Zhang,N2D SFT,FOV1_PND_16_Exp_200_Gain_46_40xObj0020020,32.771914527658325,38.038738806235585,5.2668242785772605,0.750624173254128,0.9383941919516872,0.18777001869755916,0.24364876747131348,4.104268658439806,79.15283203125
N2D_AD_Zhang_SFT_Modulation,Proposed FGHC variant,AD Zhang,N2D SFT,FOV1_PND_16_Exp_200_Gain_46_40xObj0020021,32.75356116337017,38.15661648096007,5.403055317589896,0.7506428792633705,0.9388706177925638,0.18822773852919328,0.25430727005004883,3.9322509333028326,79.15283203125
N2D_AD_Zhang_SFT_Modulation,Proposed FGHC variant,AD Zhang,N2D SFT,FOV1_PND_16_Exp_200_Gain_46_40xObj0020022,32.69612504500138,38.032172165685814,5.336047120684434,0.7499275885806367,0.937988230646354,0.18806064206571727,0.24993133544921875,4.001098934643915,79.15283203125
N2D_AD_Zhang_SFT_Modulation,Proposed FGHC variant,AD Zhang,N2D SFT,FOV1_PND_16_Exp_200_Gain_46_40xObj0020023,32.66428462928949,37.94190804475076,5.277623415461271,0.7494415289606451,0.9378298769190012,0.18838834795835613,0.30909061431884766,3.2352972030669074,79.15283203125
N2D_AD_Zhang_SFT_Modulation,Proposed FGHC variant,AD Zhang,N2D SFT,FOV1_PND_16_Exp_200_Gain_46_40xObj0020024,32.68353118330619,37.97050580450662,5.286974621200436,0.7496438516774854,0.9381089338031954,0.18846508212571,0.5932571887969971,1.6856095785839413,79.15283203125
N2D_AD_Zhang_SFT_Modulation,Proposed FGHC variant,AD Zhang,N2D SFT,FOV1_PND_16_Exp_200_Gain_46_40xObj0020025,32.758796316383794,37.97039084593541,5.211594529551618,0.7510944497379425,0.9384325878395585,0.18733813810161604,0.32578444480895996,3.0695142629857606,79.15283203125
N2D_AD_Zhang_SFT_Modulation,Proposed FGHC variant,AD Zhang,N2D SFT,FOV1_PND_16_Exp_200_Gain_46_40xObj0020026,32.79031284422896,37.993637018597454,5.203324174368497,0.7519247376532702,0.9384048534525166,0.1864801157992464,0.24036407470703125,4.160355499127123,79.15283203125
N2D_AD_Zhang_SFT_Modulation,Proposed FGHC variant,AD Zhang,N2D SFT,FOV1_PND_16_Exp_200_Gain_46_40xObj0020027,32.751264935942366,37.911738553311565,5.160473617369199,0.7510201024507378,0.9382456830093054,0.18722558055856764,0.24936366081237793,4.010207408498078,79.15283203125
N2D_AD_Zhang_SFT_Modulation,Proposed FGHC variant,AD Zhang,N2D SFT,FOV1_PND_16_Exp_200_Gain_46_40xObj0020028,32.773062654428855,37.83490003910137,5.061837384672515,0.752131773119825,0.9381053227846629,0.1859735496648378,0.2517852783203125,3.9716380825404523,79.15283203125
N2D_AD_Zhang_SFT_Modulation,Proposed FGHC variant,AD Zhang,N2D SFT,FOV1_PND_16_Exp_200_Gain_46_40xObj0020029,32.77477576067859,37.80819775623028,5.0334219955516915,0.7532751478755816,0.9385528662708676,0.18527771839528606,0.2427835464477539,4.118895265479599,79.15283203125
N2D_AD_Zhang_SFT_Modulation,Proposed FGHC variant,AD Zhang,N2D SFT,FOV1_PND_16_Exp_200_Gain_46_40xObj0020030,32.79226682925153,37.88746639421578,5.095199564964247,0.7532713738998419,0.938929740662291,0.18565836676244907,0.315110445022583,3.1734904881630728,79.15283203125
N2D_AD_Zhang_SFT_Modulation,Proposed FGHC variant,AD Zhang,N2D SFT,FOV1_PND_16_Exp_200_Gain_46_40xObj0020031,32.78343269078992,37.93192073288218,5.148488042092261,0.752779873335576,0.9391289799746522,0.1863491066390761,0.45161867141723633,2.2142574328512015,79.15283203125
N2D_AD_Zhang_SFT_Modulation,Proposed FGHC variant,AD Zhang,N2D SFT,FOV1_PND_16_Exp_200_Gain_46_40xObj0020032,32.77793882007581,37.96954365254005,5.191604832464236,0.7524626197294366,0.9385689408315576,0.186106321102121,0.25460195541381836,3.9276996061347833,79.15283203125
N2D_AD_Zhang_SFT_Modulation,Proposed FGHC variant,AD Zhang,N2D SFT,FOV1_PND_16_Exp_200_Gain_46_40xObj0020033,32.70812332571143,37.95165182053101,5.243528494819579,0.7498764404302737,0.9381444714203147,0.18826803099004097,0.25236058235168457,3.9625839767892925,79.15283203125
N2D_AD_Zhang_SFT_Modulation,Proposed FGHC variant,AD Zhang,N2D SFT,FOV1_PND_16_Exp_200_Gain_46_40xObj0020034,32.71291328204125,37.81161367522541,5.09870039318416,0.7506723155478999,0.9378997891146099,0.18722747356671,0.3170890808105469,3.1536879082805,79.15283203125
N2D_AD_Zhang_SFT_Modulation,Proposed FGHC variant,AD Zhang,N2D SFT,FOV1_PND_16_Exp_200_Gain_46_40xObj0020035,32.74639511435541,37.82999851466307,5.083603400307659,0.7512933264172649,0.9382112428990567,0.1869179164817918,0.31426286697387695,3.1820495040641403,79.15283203125
N2D_AD_Zhang_SFT_Modulation,Proposed FGHC variant,AD Zhang,N2D SFT,FOV1_PND_16_Exp_200_Gain_46_40xObj0020036,32.76355538310524,37.756276098075865,4.992720714970623,0.7515306387735218,0.9378691649442296,0.18633852617070779,0.2485055923461914,4.02405431024227,79.15283203125
N2D_AD_Zhang_SFT_Modulation,Proposed FGHC variant,AD Zhang,N2D SFT,FOV1_PND_16_Exp_200_Gain_46_40xObj0020037,32.792202861447166,37.796073468572686,5.003870607125521,0.7519593618367516,0.937777131988176,0.18581777015142442,0.25315213203430176,3.9501938694496217,79.15283203125
N2D_AD_Zhang_SFT_Modulation,Proposed FGHC variant,AD Zhang,N2D SFT,FOV1_PND_16_Exp_200_Gain_46_40xObj0020038,32.763698365697074,37.7850608876289,5.021362521931827,0.7515369482714643,0.9372936162324174,0.18575666796095303,0.33757734298706055,2.962284112883519,79.15283203125
N2D_AD_Zhang_SFT_Modulation,Proposed FGHC variant,AD Zhang,N2D SFT,FOV1_PND_16_Exp_200_Gain_46_40xObj0020039,32.78129076745015,37.85524261492767,5.073951847477517,0.7520104758964109,0.9376841926567128,0.18567371676030187,0.3540945053100586,2.8241048223111003,79.15283203125
N2D_AD_Zhang_SFT_Modulation,Proposed FGHC variant,AD Zhang,N2D SFT,FOV1_PND_16_Exp_200_Gain_46_40xObj0020040,32.77192031577153,37.83666361035688,5.064743294585348,0.752110930603679,0.937443441406343,0.185332510802664,0.2522449493408203,3.9644004869602036,79.15283203125
N2D_AD_Zhang_SFT_Modulation,Proposed FGHC variant,AD Zhang,N2D SFT,FOV1_PND_16_Exp_200_Gain_46_40xObj0020041,32.77499344594247,37.664550793334165,4.889557347391694,0.7517710501850735,0.9368899249891965,0.18511887480412303,0.24746203422546387,4.041023921628701,79.15283203125
N2D_AD_Zhang_SFT_Modulation,Proposed FGHC variant,AD Zhang,N2D SFT,FOV1_PND_16_Exp_200_Gain_46_40xObj0020042,32.763621818875556,37.68399153922794,4.920369720352383,0.7516333366361962,0.9371169481037991,0.18548361146760284,0.25382065773010254,3.9397896488919324,79.15283203125
N2D_AD_Zhang_SFT_Modulation,Proposed FGHC variant,AD Zhang,N2D SFT,FOV1_PND_16_Exp_200_Gain_46_40xObj0020043,32.79769637927642,37.67222005437961,4.874523675103191,0.7530925785373433,0.9372327061016842,0.18414012756434084,-0.6366548538208008,0.0,79.15283203125
N2D_AD_Zhang_SFT_Modulation,Proposed FGHC variant,AD Zhang,N2D SFT,FOV1_PND_16_Exp_200_Gain_46_40xObj0020044,32.77508226080273,37.74840601560119,4.973323754798457,0.7521979736200052,0.9376419226995476,0.18544394907954243,0.3229649066925049,3.096311640298742,79.15283203125
N2D_AD_Zhang_SFT_Modulation,Proposed FGHC variant,AD Zhang,N2D SFT,FOV1_PND_16_Exp_200_Gain_46_40xObj0020045,32.73514968010736,37.705437999437464,4.970288319330102,0.7513325508085971,0.9373641846382599,0.1860316338296628,0.2531547546386719,3.9501529466720915,79.15283203125
N2D_AD_Zhang_SFT_Modulation,Proposed FGHC variant,AD Zhang,N2D SFT,FOV1_PND_16_Exp_200_Gain_46_40xObj0020046,32.734736468913276,37.76786800967589,5.033131540762611,0.7510755233605609,0.9375432428623164,0.18646771950175545,0.4035212993621826,2.4781839312587186,79.15283203125
N2D_AD_Zhang_SFT_Modulation,Proposed FGHC variant,AD Zhang,N2D SFT,FOV1_PND_16_Exp_200_Gain_46_40xObj0020047,32.73763982278474,37.861808521353495,5.124168698568752,0.7506945353985589,0.9375231272170366,0.18682859181847766,0.24566245079040527,4.070626165222058,79.15283203125
N2D_AD_Zhang_SFT_Modulation,Proposed FGHC variant,AD Zhang,N2D SFT,FOV1_PND_16_Exp_200_Gain_46_40xObj0020048,32.74524346847231,37.94571445013733,5.2004709816650205,0.7508484319808909,0.9380404906237044,0.18719205864281352,0.31856608390808105,3.1390661169333383,79.15283203125
N2D_AD_Zhang_SFT_Modulation,Proposed FGHC variant,AD Zhang,N2D SFT,FOV1_PND_16_Exp_200_Gain_46_40xObj0020049,32.69677826340367,37.93324394216205,5.236465678758378,0.7500665175175175,0.9377674351164611,0.18770091759894358,0.32128000259399414,3.1125497756662854,79.15283203125
NAFNet_PRBF_EarlyFusion,Proposed FGHC variant,PRBF,NAFNet Light Early Fusion,FOV1_PND_16_Exp_200_Gain_46_40xObj0020000,32.729720333091535,38.121254392115205,5.39153405902367,0.7516204796483957,0.9404655802191298,0.18884510057073411,0.22377943992614746,4.468685775288488,199.783203125
NAFNet_PRBF_EarlyFusion,Proposed FGHC variant,PRBF,NAFNet Light Early Fusion,FOV1_PND_16_Exp_200_Gain_46_40xObj0020001,32.76484287748777,38.1793245414068,5.414481663919027,0.7521623476770843,0.9411805161029158,0.1890181684258314,0.05758213996887207,17.366495940244373,199.783203125
NAFNet_PRBF_EarlyFusion,Proposed FGHC variant,PRBF,NAFNet Light Early Fusion,FOV1_PND_16_Exp_200_Gain_46_40xObj0020002,32.69719261975971,38.101639424446496,5.404446804686785,0.7499542285010486,0.9403058049685731,0.19035157646752443,0.05681610107421875,17.600644554854302,199.783203125
NAFNet_PRBF_EarlyFusion,Proposed FGHC variant,PRBF,NAFNet Light Early Fusion,FOV1_PND_16_Exp_200_Gain_46_40xObj0020003,32.72718937253372,38.18585759695558,5.4586682244218565,0.7511937332778174,0.9409529839749945,0.18975925069717714,0.05714106559753418,17.500548677957333,199.783203125
NAFNet_PRBF_EarlyFusion,Proposed FGHC variant,PRBF,NAFNet Light Early Fusion,FOV1_PND_16_Exp_200_Gain_46_40xObj0020004,32.70605289645722,38.20197569024154,5.495922793784317,0.7509473028087025,0.9413991311025148,0.19045182829381235,0.10189223289489746,9.814290761804257,199.783203125
NAFNet_PRBF_EarlyFusion,Proposed FGHC variant,PRBF,NAFNet Light Early Fusion,FOV1_PND_16_Exp_200_Gain_46_40xObj0020005,32.733105051383895,38.15657481670684,5.423469765322949,0.751019527972109,0.9407205614715438,0.1897010334994348,0.07014131546020508,14.256932500322916,199.783203125
NAFNet_PRBF_EarlyFusion,Proposed FGHC variant,PRBF,NAFNet Light Early Fusion,FOV1_PND_16_Exp_200_Gain_46_40xObj0020006,32.756696787414725,38.178894006787274,5.422197219372549,0.7512313699323272,0.9408468513851634,0.18961548145283624,0.07551217079162598,13.242898323761292,199.783203125
NAFNet_PRBF_EarlyFusion,Proposed FGHC variant,PRBF,NAFNet Light Early Fusion,FOV1_PND_16_Exp_200_Gain_46_40xObj0020007,32.752100791212925,38.12309409007602,5.370993298863098,0.7508459913626989,0.9403092817746872,0.18946329041198828,0.07709145545959473,12.971606179158483,199.783203125
NAFNet_PRBF_EarlyFusion,Proposed FGHC variant,PRBF,NAFNet Light Early Fusion,FOV1_PND_16_Exp_200_Gain_46_40xObj0020008,32.72663323643756,38.05067545872662,5.324042222289066,0.7499428973437879,0.9398868955026222,0.18994399815883423,0.07839179039001465,12.75643782371601,199.783203125
NAFNet_PRBF_EarlyFusion,Proposed FGHC variant,PRBF,NAFNet Light Early Fusion,FOV1_PND_16_Exp_200_Gain_46_40xObj0020009,32.73024533393844,38.114144879324925,5.383899545386484,0.7503300940082119,0.9403227126196656,0.18999261861145367,0.08132576942443848,12.29622550241128,199.783203125
NAFNet_PRBF_EarlyFusion,Proposed FGHC variant,PRBF,NAFNet Light Early Fusion,FOV1_PND_16_Exp_200_Gain_46_40xObj0020010,32.76514386146915,38.17101622985596,5.4058723683868095,0.7512222580745229,0.9404791338600141,0.18925687578549122,0.08213663101196289,12.174835851915496,199.783203125
NAFNet_PRBF_EarlyFusion,Proposed FGHC variant,PRBF,NAFNet Light Early Fusion,FOV1_PND_16_Exp_200_Gain_46_40xObj0020011,32.76660814510982,38.20131502148112,5.434706876371301,0.7515460875069281,0.9410045791829974,0.18945849167606932,0.08430981636047363,11.86101504152751,199.783203125
NAFNet_PRBF_EarlyFusion,Proposed FGHC variant,PRBF,NAFNet Light Early Fusion,FOV1_PND_16_Exp_200_Gain_46_40xObj0020012,32.75056363298163,38.169009043287964,5.418445410306333,0.7512621594118221,0.9409932735012845,0.18973111408946242,0.08663225173950195,11.543045227624242,199.783203125
NAFNet_PRBF_EarlyFusion,Proposed FGHC variant,PRBF,NAFNet Light Early Fusion,FOV1_PND_16_Exp_200_Gain_46_40xObj0020013,32.731045616561175,38.115533603662485,5.384487987101309,0.7506370156939456,0.9409994028778345,0.19036238718388887,0.09137892723083496,10.943442107542705,199.783203125
NAFNet_PRBF_EarlyFusion,Proposed FGHC variant,PRBF,NAFNet Light Early Fusion,FOV1_PND_16_Exp_200_Gain_46_40xObj0020014,32.79528601801144,38.22427329719218,5.428987279180738,0.7522675395914412,0.9413385503480334,0.18907101075659216,0.09113597869873047,10.97261492418614,199.783203125
NAFNet_PRBF_EarlyFusion,Proposed FGHC variant,PRBF,NAFNet Light Early Fusion,FOV1_PND_16_Exp_200_Gain_46_40xObj0020015,32.78712382176566,38.2393179171647,5.452194095399037,0.7523310361379044,0.9412005779033823,0.18886954176547788,0.10102128982543945,9.898903505666558,199.783203125
NAFNet_PRBF_EarlyFusion,Proposed FGHC variant,PRBF,NAFNet Light Early Fusion,FOV1_PND_16_Exp_200_Gain_46_40xObj0020016,32.835814213218974,38.3592074908375,5.523393277618524,0.7538785420017229,0.9420338951068107,0.1881553531050878,0.13669157028198242,7.315740085047599,199.783203125
NAFNet_PRBF_EarlyFusion,Proposed FGHC variant,PRBF,NAFNet Light Early Fusion,FOV1_PND_16_Exp_200_Gain_46_40xObj0020017,32.81764805870415,38.39595980990055,5.578311751196402,0.7530695999494535,0.9422496635519216,0.18918006360246808,0.08992481231689453,11.120401302323609,199.783203125
NAFNet_PRBF_EarlyFusion,Proposed FGHC variant,PRBF,NAFNet Light Early Fusion,FOV1_PND_16_Exp_200_Gain_46_40xObj0020018,32.77446638642729,38.40104562726701,5.6265792408397175,0.7517214043380198,0.9423590229894891,0.19063761865146933,0.08982253074645996,11.133064184337865,199.783203125
NAFNet_PRBF_EarlyFusion,Proposed FGHC variant,PRBF,NAFNet Light Early Fusion,FOV1_PND_16_Exp_200_Gain_46_40xObj0020019,32.78224749159582,38.38366137429179,5.601413882695972,0.7516318768816026,0.9421186298643766,0.19048675298277395,0.0961310863494873,10.402462283266741,199.783203125
NAFNet_PRBF_EarlyFusion,Proposed FGHC variant,PRBF,NAFNet Light Early Fusion,FOV1_PND_16_Exp_200_Gain_46_40xObj0020020,32.771914527658325,38.31168412574634,5.539769598088014,0.750624173254128,0.9416118923891922,0.19098771913506418,0.09151411056518555,10.927276611487137,199.783203125
NAFNet_PRBF_EarlyFusion,Proposed FGHC variant,PRBF,NAFNet Light Early Fusion,FOV1_PND_16_Exp_200_Gain_46_40xObj0020021,32.75356116337017,38.375830722782766,5.622269559412594,0.7506428792633705,0.9418975745591469,0.19125469529577643,0.09108662605285645,10.978560117263672,199.783203125
NAFNet_PRBF_EarlyFusion,Proposed FGHC variant,PRBF,NAFNet Light Early Fusion,FOV1_PND_16_Exp_200_Gain_46_40xObj0020022,32.69612504500138,38.26050087270567,5.564375827704289,0.7499275885806367,0.9412566821009772,0.19132909352034055,0.09074926376342773,11.019373144523554,199.783203125
NAFNet_PRBF_EarlyFusion,Proposed FGHC variant,PRBF,NAFNet Light Early Fusion,FOV1_PND_16_Exp_200_Gain_46_40xObj0020023,32.66428462928949,38.21233387096597,5.54804924167648,0.7494415289606451,0.9413420401576577,0.19190051119701257,0.08991694450378418,11.121374347389159,199.783203125
NAFNet_PRBF_EarlyFusion,Proposed FGHC variant,PRBF,NAFNet Light Early Fusion,FOV1_PND_16_Exp_200_Gain_46_40xObj0020024,32.68353118330619,38.24286268136071,5.559331498054526,0.7496438516774854,0.941671322447526,0.19202747077004068,0.08916759490966797,11.214836522315746,199.783203125
NAFNet_PRBF_EarlyFusion,Proposed FGHC variant,PRBF,NAFNet Light Early Fusion,FOV1_PND_16_Exp_200_Gain_46_40xObj0020025,32.758796316383794,38.302317484932395,5.543521168548601,0.7510944497379425,0.9418707172992868,0.19077626756134436,0.08923482894897461,11.206386696519699,199.783203125
NAFNet_PRBF_EarlyFusion,Proposed FGHC variant,PRBF,NAFNet Light Early Fusion,FOV1_PND_16_Exp_200_Gain_46_40xObj0020026,32.79031284422896,38.34813580889826,5.557822964669306,0.7519247376532702,0.9419810053509948,0.19005626769772466,0.08942389488220215,11.182693410047698,199.783203125
NAFNet_PRBF_EarlyFusion,Proposed FGHC variant,PRBF,NAFNet Light Early Fusion,FOV1_PND_16_Exp_200_Gain_46_40xObj0020027,32.751264935942366,38.30567661626209,5.554411680319724,0.7510201024507378,0.9418526778869304,0.1908325754361926,0.11115264892578125,8.99663669435102,199.783203125
NAFNet_PRBF_EarlyFusion,Proposed FGHC variant,PRBF,NAFNet Light Early Fusion,FOV1_PND_16_Exp_200_Gain_46_40xObj0020028,32.773062654428855,38.267292909799295,5.494230255370439,0.752131773119825,0.9419824847111773,0.18985071159135225,0.08773255348205566,11.398277609741914,199.783203125
NAFNet_PRBF_EarlyFusion,Proposed FGHC variant,PRBF,NAFNet Light Early Fusion,FOV1_PND_16_Exp_200_Gain_46_40xObj0020029,32.77477576067859,38.27292454736799,5.498148786689406,0.7532751478755816,0.9424856732802933,0.18921052540471173,0.0866396427154541,11.542060524005691,199.783203125
NAFNet_PRBF_EarlyFusion,Proposed FGHC variant,PRBF,NAFNet Light Early Fusion,FOV1_PND_16_Exp_200_Gain_46_40xObj0020030,32.79226682925153,38.318492164607854,5.526225335356322,0.7532713738998419,0.9429577821203203,0.18968640822047844,0.08730626106262207,11.453932259024711,199.783203125
NAFNet_PRBF_EarlyFusion,Proposed FGHC variant,PRBF,NAFNet Light Early Fusion,FOV1_PND_16_Exp_200_Gain_46_40xObj0020031,32.78343269078992,38.36613596871877,5.58270327792885,0.752779873335576,0.9430614678172029,0.19028159448162685,0.08676481246948242,11.525409570287811,199.783203125
NAFNet_PRBF_EarlyFusion,Proposed FGHC variant,PRBF,NAFNet Light Early Fusion,FOV1_PND_16_Exp_200_Gain_46_40xObj0020032,32.77793882007581,38.36410124953599,5.586162429460181,0.7524626197294366,0.9425019240144467,0.19003930428501004,0.0874021053314209,11.441371992220212,199.783203125
NAFNet_PRBF_EarlyFusion,Proposed FGHC variant,PRBF,NAFNet Light Early Fusion,FOV1_PND_16_Exp_200_Gain_46_40xObj0020033,32.70812332571143,38.262388002346064,5.554264676634631,0.7498764404302737,0.9416851392718204,0.19180869884154672,0.09277606010437012,10.778642667893331,199.783203125
NAFNet_PRBF_EarlyFusion,Proposed FGHC variant,PRBF,NAFNet Light Early Fusion,FOV1_PND_16_Exp_200_Gain_46_40xObj0020034,32.71291328204125,38.185533786471005,5.472620504429756,0.7506723155478999,0.9414918094571885,0.19081949390928854,0.09206223487854004,10.862217295933826,199.783203125
NAFNet_PRBF_EarlyFusion,Proposed FGHC variant,PRBF,NAFNet Light Early Fusion,FOV1_PND_16_Exp_200_Gain_46_40xObj0020035,32.74639511435541,38.17758647069176,5.431191356336349,0.7512933264172649,0.9415998501780839,0.19030652376081902,0.09015393257141113,11.092139538204812,199.783203125
NAFNet_PRBF_EarlyFusion,Proposed FGHC variant,PRBF,NAFNet Light Early Fusion,FOV1_PND_16_Exp_200_Gain_46_40xObj0020036,32.76355538310524,38.1282392390296,5.364683855924355,0.7515306387735218,0.9413976888901402,0.18986705011661842,0.08982992172241211,11.132148184322697,199.783203125
NAFNet_PRBF_EarlyFusion,Proposed FGHC variant,PRBF,NAFNet Light Early Fusion,FOV1_PND_16_Exp_200_Gain_46_40xObj0020037,32.792202861447166,38.19458720248741,5.402384341040246,0.7519593618367516,0.9416809588285521,0.18972159699180047,0.08949995040893555,11.17319054849623,199.783203125
NAFNet_PRBF_EarlyFusion,Proposed FGHC variant,PRBF,NAFNet Light Early Fusion,FOV1_PND_16_Exp_200_Gain_46_40xObj0020038,32.763698365697074,38.17056422546833,5.406865859771258,0.7515369482714643,0.9413708668718993,0.18983391860043497,0.1051182746887207,9.513093731429946,199.783203125
NAFNet_PRBF_EarlyFusion,Proposed FGHC variant,PRBF,NAFNet Light Early Fusion,FOV1_PND_16_Exp_200_Gain_46_40xObj0020039,32.78129076745015,38.20442334177652,5.423132574326367,0.7520104758964109,0.9412430355698737,0.18923255967346275,0.08803057670593262,11.359689296828238,199.783203125
NAFNet_PRBF_EarlyFusion,Proposed FGHC variant,PRBF,NAFNet Light Early Fusion,FOV1_PND_16_Exp_200_Gain_46_40xObj0020040,32.77192031577153,38.1821450122498,5.4102246964782665,0.752110930603679,0.9411774584114534,0.18906652780777444,0.08852958679199219,11.295658731013681,199.783203125
NAFNet_PRBF_EarlyFusion,Proposed FGHC variant,PRBF,NAFNet Light Early Fusion,FOV1_PND_16_Exp_200_Gain_46_40xObj0020041,32.77499344594247,38.079776068149364,5.3047826222068934,0.7517710501850735,0.9408260943394472,0.18905504415437369,0.08707165718078613,11.484793472159472,199.783203125
NAFNet_PRBF_EarlyFusion,Proposed FGHC variant,PRBF,NAFNet Light Early Fusion,FOV1_PND_16_Exp_200_Gain_46_40xObj0020042,32.763621818875556,38.08784970198402,5.324227883108463,0.7516333366361962,0.9408974937210118,0.1892641570848156,0.0874490737915039,11.435226888556878,199.783203125
NAFNet_PRBF_EarlyFusion,Proposed FGHC variant,PRBF,NAFNet Light Early Fusion,FOV1_PND_16_Exp_200_Gain_46_40xObj0020043,32.79769637927642,38.07893182318024,5.2812354439038245,0.7530925785373433,0.9409705577165489,0.18787797917920557,0.08660411834716797,11.546794991796148,199.783203125
NAFNet_PRBF_EarlyFusion,Proposed FGHC variant,PRBF,NAFNet Light Early Fusion,FOV1_PND_16_Exp_200_Gain_46_40xObj0020044,32.77508226080273,38.16642369212815,5.391341431325415,0.7521979736200052,0.9414644745488593,0.1892665009288541,0.09155845642089844,10.921984042664,199.783203125
NAFNet_PRBF_EarlyFusion,Proposed FGHC variant,PRBF,NAFNet Light Early Fusion,FOV1_PND_16_Exp_200_Gain_46_40xObj0020045,32.73514968010736,38.10836806441306,5.373218384305694,0.7513325508085971,0.9410439777998977,0.1897114269913006,0.09269332885742188,10.788262891477016,199.783203125
NAFNet_PRBF_EarlyFusion,Proposed FGHC variant,PRBF,NAFNet Light Early Fusion,FOV1_PND_16_Exp_200_Gain_46_40xObj0020046,32.734736468913276,38.14288339220585,5.408146923292577,0.7510755233605609,0.9412560705191563,0.19018054715859534,0.09064221382141113,11.03238720504181,199.783203125
NAFNet_PRBF_EarlyFusion,Proposed FGHC variant,PRBF,NAFNet Light Early Fusion,FOV1_PND_16_Exp_200_Gain_46_40xObj0020047,32.73763982278474,38.18846405993307,5.450824237148325,0.7506945353985589,0.941067467697812,0.19037293229925312,0.08889412879943848,11.249336862912331,199.783203125
NAFNet_PRBF_EarlyFusion,Proposed FGHC variant,PRBF,NAFNet Light Early Fusion,FOV1_PND_16_Exp_200_Gain_46_40xObj0020048,32.74524346847231,38.22807291278244,5.482829444310127,0.7508484319808909,0.9413889500775361,0.19054051809664518,0.08897686004638672,11.238877158383263,199.783203125
NAFNet_PRBF_EarlyFusion,Proposed FGHC variant,PRBF,NAFNet Light Early Fusion,FOV1_PND_16_Exp_200_Gain_46_40xObj0020049,32.69677826340367,38.17312918000063,5.476350916596957,0.7500665175175175,0.9411218396584523,0.1910553221409348,0.08992385864257812,11.120519238111399,199.783203125
NAFNet_PRBF_Residual,Proposed FGHC variant,PRBF,NAFNet Light Residual,FOV1_PND_16_Exp_200_Gain_46_40xObj0020000,32.729720333091535,37.78036859382499,5.050648260733453,0.7516204796483957,0.931852166984192,0.1802316873357963,0.08841609954833984,11.310157370754279,192.78173828125
NAFNet_PRBF_Residual,Proposed FGHC variant,PRBF,NAFNet Light Residual,FOV1_PND_16_Exp_200_Gain_46_40xObj0020001,32.76484287748777,37.81337089367839,5.048528016190616,0.7521623476770843,0.9323706524305854,0.18020830475350103,0.09012460708618164,11.095748789714557,192.78173828125
NAFNet_PRBF_Residual,Proposed FGHC variant,PRBF,NAFNet Light Residual,FOV1_PND_16_Exp_200_Gain_46_40xObj0020002,32.69719261975971,37.74060266604138,5.0434100462816716,0.7499542285010486,0.9315477679497363,0.1815935394486876,0.09458518028259277,10.572480773545003,192.78173828125
NAFNet_PRBF_Residual,Proposed FGHC variant,PRBF,NAFNet Light Residual,FOV1_PND_16_Exp_200_Gain_46_40xObj0020003,32.72718937253372,37.82881868553287,5.101629312999151,0.7511937332778174,0.9322867007647989,0.18109296748698156,0.09106087684631348,10.981664515352008,192.78173828125
NAFNet_PRBF_Residual,Proposed FGHC variant,PRBF,NAFNet Light Residual,FOV1_PND_16_Exp_200_Gain_46_40xObj0020004,32.70605289645722,37.825893165021654,5.119840268564431,0.7509473028087025,0.9326425114192674,0.18169520861056487,0.0912163257598877,10.962949797302066,192.78173828125
NAFNet_PRBF_Residual,Proposed FGHC variant,PRBF,NAFNet Light Residual,FOV1_PND_16_Exp_200_Gain_46_40xObj0020005,32.733105051383895,37.79514254608916,5.062037494705265,0.751019527972109,0.9320279774847163,0.1810084495126073,0.0907747745513916,11.016276327228507,192.78173828125
NAFNet_PRBF_Residual,Proposed FGHC variant,PRBF,NAFNet Light Residual,FOV1_PND_16_Exp_200_Gain_46_40xObj0020006,32.756696787414725,37.78445405980976,5.027757272395036,0.7512313699323272,0.9320581092086836,0.1808267392763564,0.09123110771179199,10.96117349752124,192.78173828125
NAFNet_PRBF_Residual,Proposed FGHC variant,PRBF,NAFNet Light Residual,FOV1_PND_16_Exp_200_Gain_46_40xObj0020007,32.752100791212925,37.741806230815335,4.98970543960241,0.7508459913626989,0.9315268334089009,0.18068084204620194,0.08956456184387207,11.165130263721814,192.78173828125
NAFNet_PRBF_Residual,Proposed FGHC variant,PRBF,NAFNet Light Residual,FOV1_PND_16_Exp_200_Gain_46_40xObj0020008,32.72663323643756,37.68365822689779,4.9570249904602335,0.7499428973437879,0.9310594539164875,0.18111655657269954,0.09065771102905273,11.030501307048596,192.78173828125
NAFNet_PRBF_Residual,Proposed FGHC variant,PRBF,NAFNet Light Residual,FOV1_PND_16_Exp_200_Gain_46_40xObj0020009,32.73024533393844,37.72157730514728,4.991331971208837,0.7503300940082119,0.931324768112932,0.18099467410472003,0.08887887001037598,11.251268157248816,192.78173828125
NAFNet_PRBF_Residual,Proposed FGHC variant,PRBF,NAFNet Light Residual,FOV1_PND_16_Exp_200_Gain_46_40xObj0020010,32.76514386146915,37.79738711928535,5.032243257816198,0.7512222580745229,0.9319993973372468,0.18077713926272387,0.10401153564453125,9.614318198488961,192.78173828125
NAFNet_PRBF_Residual,Proposed FGHC variant,PRBF,NAFNet Light Residual,FOV1_PND_16_Exp_200_Gain_46_40xObj0020011,32.76660814510982,37.810687110935746,5.044078965825925,0.7515460875069281,0.9324478089422489,0.1809017214353208,0.09586334228515625,10.431516116195782,192.78173828125
NAFNet_PRBF_Residual,Proposed FGHC variant,PRBF,NAFNet Light Residual,FOV1_PND_16_Exp_200_Gain_46_40xObj0020012,32.75056363298163,37.786631894653716,5.036068261672085,0.7512621594118221,0.9323991460983977,0.18113698668657563,0.08865213394165039,11.280044320852854,192.78173828125
NAFNet_PRBF_Residual,Proposed FGHC variant,PRBF,NAFNet Light Residual,FOV1_PND_16_Exp_200_Gain_46_40xObj0020013,32.731045616561175,37.74221069133526,5.011165074774084,0.7506370156939456,0.9326654530666939,0.18202843737274832,0.08801150321960449,11.362151121368994,192.78173828125
NAFNet_PRBF_Residual,Proposed FGHC variant,PRBF,NAFNet Light Residual,FOV1_PND_16_Exp_200_Gain_46_40xObj0020014,32.79528601801144,37.80724987905464,5.011963861043199,0.7522675395914412,0.9327996625020942,0.18053212291065301,0.08880615234375,11.260481099656358,192.78173828125
NAFNet_PRBF_Residual,Proposed FGHC variant,PRBF,NAFNet Light Residual,FOV1_PND_16_Exp_200_Gain_46_40xObj0020015,32.78712382176566,37.83190288883703,5.044779067071367,0.7523310361379044,0.9326903445642084,0.180359308426304,0.08844995498657227,11.305828252279062,192.78173828125
NAFNet_PRBF_Residual,Proposed FGHC variant,PRBF,NAFNet Light Residual,FOV1_PND_16_Exp_200_Gain_46_40xObj0020016,32.835814213218974,37.98069010792525,5.144875894706274,0.7538785420017229,0.9335887776260057,0.1797102356242828,0.09354782104492188,10.689719854830159,192.78173828125
NAFNet_PRBF_Residual,Proposed FGHC variant,PRBF,NAFNet Light Residual,FOV1_PND_16_Exp_200_Gain_46_40xObj0020017,32.81764805870415,38.00088838302043,5.18324032431628,0.7530695999494535,0.933679281024116,0.18060968107466246,0.09023189544677734,11.082555620144797,192.78173828125
NAFNet_PRBF_Residual,Proposed FGHC variant,PRBF,NAFNet Light Residual,FOV1_PND_16_Exp_200_Gain_46_40xObj0020018,32.77446638642729,38.01228548697855,5.237819100551256,0.7517214043380198,0.9337747866895904,0.18205338235157054,0.0899057388305664,11.122760493460483,192.78173828125
NAFNet_PRBF_Residual,Proposed FGHC variant,PRBF,NAFNet Light Residual,FOV1_PND_16_Exp_200_Gain_46_40xObj0020019,32.78224749159582,37.99746656092835,5.215219069332534,0.7516318768816026,0.9335309385221868,0.18189906164058423,0.08942842483520508,11.182126956197179,192.78173828125
NAFNet_PRBF_Residual,Proposed FGHC variant,PRBF,NAFNet Light Residual,FOV1_PND_16_Exp_200_Gain_46_40xObj0020020,32.771914527658325,37.92782861714234,5.155914089484014,0.750624173254128,0.9329678456916071,0.18234367243747907,0.08916115760803223,11.215646216665018,192.78173828125
NAFNet_PRBF_Residual,Proposed FGHC variant,PRBF,NAFNet Light Residual,FOV1_PND_16_Exp_200_Gain_46_40xObj0020021,32.75356116337017,38.03929841561424,5.285737252244068,0.7506428792633705,0.9334796847380019,0.18283680547463144,0.09011197090148926,11.097304719849083,192.78173828125
NAFNet_PRBF_Residual,Proposed FGHC variant,PRBF,NAFNet Light Residual,FOV1_PND_16_Exp_200_Gain_46_40xObj0020022,32.69612504500138,37.92230213266134,5.226177087659963,0.7499275885806367,0.9327416991853239,0.18281411060468722,0.12524104118347168,7.984603054641261,192.78173828125
NAFNet_PRBF_Residual,Proposed FGHC variant,PRBF,NAFNet Light Residual,FOV1_PND_16_Exp_200_Gain_46_40xObj0020023,32.66428462928949,37.8552379503824,5.190953321092913,0.7494415289606451,0.9326875069928121,0.18324597803216702,0.09059858322143555,11.037700198422097,192.78173828125
NAFNet_PRBF_Residual,Proposed FGHC variant,PRBF,NAFNet Light Residual,FOV1_PND_16_Exp_200_Gain_46_40xObj0020024,32.68353118330619,37.87748093369228,5.193949750386096,0.7496438516774854,0.9329947489409124,0.18335089726342702,0.10240983963012695,9.764686709906924,192.78173828125
NAFNet_PRBF_Residual,Proposed FGHC variant,PRBF,NAFNet Light Residual,FOV1_PND_16_Exp_200_Gain_46_40xObj0020025,32.758796316383794,37.88101072004864,5.122214403664849,0.7510944497379425,0.9330492588629716,0.18195480912502915,0.09369874000549316,10.672502105592606,192.78173828125
NAFNet_PRBF_Residual,Proposed FGHC variant,PRBF,NAFNet Light Residual,FOV1_PND_16_Exp_200_Gain_46_40xObj0020026,32.79031284422896,37.914348932090675,5.124036087861718,0.7519247376532702,0.9330916840018094,0.18116694634853925,0.09349775314331055,10.695444183211869,192.78173828125
NAFNet_PRBF_Residual,Proposed FGHC variant,PRBF,NAFNet Light Residual,FOV1_PND_16_Exp_200_Gain_46_40xObj0020027,32.751264935942366,37.870350381609065,5.119085445666698,0.7510201024507378,0.9330533799989418,0.18203327754820398,0.09112334251403809,10.974136510037965,192.78173828125
NAFNet_PRBF_Residual,Proposed FGHC variant,PRBF,NAFNet Light Residual,FOV1_PND_16_Exp_200_Gain_46_40xObj0020028,32.773062654428855,37.834161904601885,5.061099250173029,0.752131773119825,0.9334104288119489,0.18127865569212387,0.09111428260803223,10.97522771816067,192.78173828125
NAFNet_PRBF_Residual,Proposed FGHC variant,PRBF,NAFNet Light Residual,FOV1_PND_16_Exp_200_Gain_46_40xObj0020029,32.77477576067859,37.82869968999609,5.053923929317506,0.7532751478755816,0.934043307043861,0.18076815916827937,0.09026956558227539,11.07793079040088,192.78173828125
NAFNet_PRBF_Residual,Proposed FGHC variant,PRBF,NAFNet Light Residual,FOV1_PND_16_Exp_200_Gain_46_40xObj0020030,32.79226682925153,37.888884243726466,5.0966174144749345,0.7532713738998419,0.9345737690552344,0.18130239515539248,0.08928203582763672,11.20046144479219,192.78173828125
NAFNet_PRBF_Residual,Proposed FGHC variant,PRBF,NAFNet Light Residual,FOV1_PND_16_Exp_200_Gain_46_40xObj0020031,32.78343269078992,37.921418484252044,5.137985793462121,0.752779873335576,0.9346420434036476,0.1818621700680716,0.08963918685913086,11.155835243926441,192.78173828125
NAFNet_PRBF_Residual,Proposed FGHC variant,PRBF,NAFNet Light Residual,FOV1_PND_16_Exp_200_Gain_46_40xObj0020032,32.77793882007581,37.922462671772195,5.144523851696384,0.7524626197294366,0.9338630281252306,0.18140040839579397,0.08887076377868652,11.25229442711086,192.78173828125
NAFNet_PRBF_Residual,Proposed FGHC variant,PRBF,NAFNet Light Residual,FOV1_PND_16_Exp_200_Gain_46_40xObj0020033,32.70812332571143,37.843719896476436,5.135596570765003,0.7498764404302737,0.9328849312421349,0.1830084908118612,0.10947990417480469,9.134096412829491,192.78173828125
NAFNet_PRBF_Residual,Proposed FGHC variant,PRBF,NAFNet Light Residual,FOV1_PND_16_Exp_200_Gain_46_40xObj0020034,32.71291328204125,37.75589413390139,5.042980851860143,0.7506723155478999,0.932995894227102,0.18232357867920213,0.08903670310974121,11.231323320310512,192.78173828125
NAFNet_PRBF_Residual,Proposed FGHC variant,PRBF,NAFNet Light Residual,FOV1_PND_16_Exp_200_Gain_46_40xObj0020035,32.74639511435541,37.76263308175403,5.016237967398624,0.7512933264172649,0.9332792636339186,0.18198593721665368,0.08742475509643555,11.43840779304364,192.78173828125
NAFNet_PRBF_Residual,Proposed FGHC variant,PRBF,NAFNet Light Residual,FOV1_PND_16_Exp_200_Gain_46_40xObj0020036,32.76355538310524,37.69830373279433,4.934748349689087,0.7515306387735218,0.9328395349678688,0.18130889619434698,0.0887296199798584,11.270193653787762,192.78173828125
NAFNet_PRBF_Residual,Proposed FGHC variant,PRBF,NAFNet Light Residual,FOV1_PND_16_Exp_200_Gain_46_40xObj0020037,32.792202861447166,37.77117456427778,4.978971702830613,0.7519593618367516,0.9330665621110498,0.18110720027429816,0.08764338493347168,11.409874239328841,192.78173828125
NAFNet_PRBF_Residual,Proposed FGHC variant,PRBF,NAFNet Light Residual,FOV1_PND_16_Exp_200_Gain_46_40xObj0020038,32.763698365697074,37.74609664306458,4.982398277367508,0.7515369482714643,0.9325831719301862,0.18104622365872192,0.08750271797180176,11.428216439199701,192.78173828125
NAFNet_PRBF_Residual,Proposed FGHC variant,PRBF,NAFNet Light Residual,FOV1_PND_16_Exp_200_Gain_46_40xObj0020039,32.78129076745015,37.7878253216426,5.006534554192449,0.7520104758964109,0.932745642839035,0.18073516694262415,0.0928807258605957,10.766496393459455,192.78173828125
NAFNet_PRBF_Residual,Proposed FGHC variant,PRBF,NAFNet Light Residual,FOV1_PND_16_Exp_200_Gain_46_40xObj0020040,32.77192031577153,37.775762785019296,5.003842469247765,0.752110930603679,0.932725728206551,0.18061479760287202,0.0895695686340332,11.164506151479177,192.78173828125
NAFNet_PRBF_Residual,Proposed FGHC variant,PRBF,NAFNet Light Residual,FOV1_PND_16_Exp_200_Gain_46_40xObj0020041,32.77499344594247,37.639712898789874,4.864719452847403,0.7517710501850735,0.9322385831377212,0.18046753295264772,0.08979582786560059,11.13637486027438,192.78173828125
NAFNet_PRBF_Residual,Proposed FGHC variant,PRBF,NAFNet Light Residual,FOV1_PND_16_Exp_200_Gain_46_40xObj0020042,32.763621818875556,37.64364441390759,4.880022595032031,0.7516333366361962,0.9323597517653927,0.1807264151291964,0.08923864364624023,11.205907655479383,192.78173828125
NAFNet_PRBF_Residual,Proposed FGHC variant,PRBF,NAFNet Light Residual,FOV1_PND_16_Exp_200_Gain_46_40xObj0020043,32.79769637927642,37.63592833036143,4.838231951085014,0.7530925785373433,0.9323136864827758,0.17922110794543245,0.08910655975341797,11.222518328249585,192.78173828125
NAFNet_PRBF_Residual,Proposed FGHC variant,PRBF,NAFNet Light Residual,FOV1_PND_16_Exp_200_Gain_46_40xObj0020044,32.77508226080273,37.70708164181474,4.931999381012005,0.7521979736200052,0.9326733129012315,0.18047533928122628,0.16982698440551758,5.888345739050352,192.78173828125
NAFNet_PRBF_Residual,Proposed FGHC variant,PRBF,NAFNet Light Residual,FOV1_PND_16_Exp_200_Gain_46_40xObj0020045,32.73514968010736,37.6568494985744,4.92169981846704,0.7513325508085971,0.9323895043627868,0.18105695355418971,0.13466572761535645,7.425794355459794,192.78173828125
NAFNet_PRBF_Residual,Proposed FGHC variant,PRBF,NAFNet Light Residual,FOV1_PND_16_Exp_200_Gain_46_40xObj0020046,32.734736468913276,37.7212692378664,4.986532768953126,0.7510755233605609,0.9325963386564954,0.18152081529593445,0.11266899108886719,8.87555653366288,192.78173828125
NAFNet_PRBF_Residual,Proposed FGHC variant,PRBF,NAFNet Light Residual,FOV1_PND_16_Exp_200_Gain_46_40xObj0020047,32.73763982278474,37.796639481098005,5.058999658313262,0.7506945353985589,0.9323576173570682,0.18166308195850933,0.09572005271911621,10.447131730426747,192.78173828125
NAFNet_PRBF_Residual,Proposed FGHC variant,PRBF,NAFNet Light Residual,FOV1_PND_16_Exp_200_Gain_46_40xObj0020048,32.74524346847231,37.86325592200357,5.118012453531257,0.7508484319808909,0.9327002680160273,0.18185183603513644,0.09090375900268555,11.000645198516567,192.78173828125
NAFNet_PRBF_Residual,Proposed FGHC variant,PRBF,NAFNet Light Residual,FOV1_PND_16_Exp_200_Gain_46_40xObj0020049,32.69677826340367,37.816068663008664,5.119290399604992,0.7500665175175175,0.9322027879485142,0.18213627043099667,0.09089851379394531,11.001279979856054,192.78173828125
NAFNet_GGB_Attention,Proposed FGHC variant,GGB,NAFNet Light Attention,FOV1_PND_16_Exp_200_Gain_46_40xObj0020000,32.729720333091535,37.880789665910356,5.151069332818821,0.7516204796483957,0.9379430641963037,0.18632258454790795,0.09117507934570312,10.967909292498222,195.78662109375
NAFNet_GGB_Attention,Proposed FGHC variant,GGB,NAFNet Light Attention,FOV1_PND_16_Exp_200_Gain_46_40xObj0020001,32.76484287748777,37.92318385508097,5.158340977593198,0.7521623476770843,0.938650243319886,0.18648789564280166,0.09269547462463379,10.788013158673124,195.78662109375
NAFNet_GGB_Attention,Proposed FGHC variant,GGB,NAFNet Light Attention,FOV1_PND_16_Exp_200_Gain_46_40xObj0020002,32.69719261975971,37.85870145838289,5.1615088386231776,0.7499542285010486,0.9380393852698724,0.18808515676882376,0.09019804000854492,11.086715408730221,195.78662109375
NAFNet_GGB_Attention,Proposed FGHC variant,GGB,NAFNet Light Attention,FOV1_PND_16_Exp_200_Gain_46_40xObj0020003,32.72718937253372,37.94209627654751,5.214906904013787,0.7511937332778174,0.9387257068661281,0.18753197358831075,0.09005928039550781,11.103797361119936,195.78662109375
NAFNet_GGB_Attention,Proposed FGHC variant,GGB,NAFNet Light Attention,FOV1_PND_16_Exp_200_Gain_46_40xObj0020004,32.70605289645722,37.922027914004474,5.215975017547251,0.7509473028087025,0.9389543948510718,0.18800709204236932,0.09089231491088867,11.002030270440416,195.78662109375
NAFNet_GGB_Attention,Proposed FGHC variant,GGB,NAFNet Light Attention,FOV1_PND_16_Exp_200_Gain_46_40xObj0020005,32.733105051383895,37.87906228596745,5.145957234583555,0.751019527972109,0.9382859381917891,0.18726641021968005,0.12383627891540527,8.07517803957205,195.78662109375
NAFNet_GGB_Attention,Proposed FGHC variant,GGB,NAFNet Light Attention,FOV1_PND_16_Exp_200_Gain_46_40xObj0020006,32.756696787414725,37.89343388676146,5.136737099346732,0.7512313699323272,0.9385357995540646,0.18730442962173743,0.08842182159423828,11.309425455957376,195.78662109375
NAFNet_GGB_Attention,Proposed FGHC variant,GGB,NAFNet Light Attention,FOV1_PND_16_Exp_200_Gain_46_40xObj0020007,32.752100791212925,37.84017844106093,5.088077649848003,0.7508459913626989,0.9379313079815012,0.18708531661880223,0.08719992637634277,11.467899590696199,195.78662109375
NAFNet_GGB_Attention,Proposed FGHC variant,GGB,NAFNet Light Attention,FOV1_PND_16_Exp_200_Gain_46_40xObj0020008,32.72663323643756,37.76777454602864,5.041141309591083,0.7499428973437879,0.937409730190709,0.187466832846921,0.08690547943115234,11.506754309919124,195.78662109375
NAFNet_GGB_Attention,Proposed FGHC variant,GGB,NAFNet Light Attention,FOV1_PND_16_Exp_200_Gain_46_40xObj0020009,32.73024533393844,37.806839828648876,5.0765944947104344,0.7503300940082119,0.9376395369972456,0.18730944298903363,0.08771753311157227,11.400229401436205,195.78662109375
NAFNet_GGB_Attention,Proposed FGHC variant,GGB,NAFNet Light Attention,FOV1_PND_16_Exp_200_Gain_46_40xObj0020010,32.76514386146915,37.88327613064698,5.118132269177835,0.7512222580745229,0.9380169664282842,0.18679470835376133,0.08804821968078613,11.357413058724456,195.78662109375
NAFNet_GGB_Attention,Proposed FGHC variant,GGB,NAFNet Light Attention,FOV1_PND_16_Exp_200_Gain_46_40xObj0020011,32.76660814510982,37.894439464671855,5.127831319562034,0.7515460875069281,0.938354596960942,0.18680850945401395,0.08918952941894531,11.21207844143624,195.78662109375
NAFNet_GGB_Attention,Proposed FGHC variant,GGB,NAFNet Light Attention,FOV1_PND_16_Exp_200_Gain_46_40xObj0020012,32.75056363298163,37.87691678820799,5.1263531552263615,0.7512621594118221,0.9384423183118299,0.18718015890000783,0.09393692016601562,10.645441624365482,195.78662109375
NAFNet_GGB_Attention,Proposed FGHC variant,GGB,NAFNet Light Attention,FOV1_PND_16_Exp_200_Gain_46_40xObj0020013,32.731045616561175,37.832466372590005,5.10142075602883,0.7506370156939456,0.9386160795740782,0.18797906388013264,0.08982157707214355,11.133182388868686,195.78662109375
NAFNet_GGB_Attention,Proposed FGHC variant,GGB,NAFNet Light Attention,FOV1_PND_16_Exp_200_Gain_46_40xObj0020014,32.79528601801144,37.906990847367304,5.111704829355865,0.7522675395914412,0.9389265552636129,0.1866590156721717,0.08992934226989746,11.119841141490651,195.78662109375
NAFNet_GGB_Attention,Proposed FGHC variant,GGB,NAFNet Light Attention,FOV1_PND_16_Exp_200_Gain_46_40xObj0020015,32.78712382176566,37.96927814038423,5.182154318618572,0.7523310361379044,0.9391925487373779,0.18686151259947348,0.08967900276184082,11.15088224894388,195.78662109375
NAFNet_GGB_Attention,Proposed FGHC variant,GGB,NAFNet Light Attention,FOV1_PND_16_Exp_200_Gain_46_40xObj0020016,32.835814213218974,38.06717857150734,5.231364358288367,0.7538785420017229,0.9397992900565441,0.18592074805482117,0.11972308158874512,8.352608258406269,195.78662109375
NAFNet_GGB_Attention,Proposed FGHC variant,GGB,NAFNet Light Attention,FOV1_PND_16_Exp_200_Gain_46_40xObj0020017,32.81764805870415,38.09155967725626,5.2739116185521056,0.7530695999494535,0.9400381045337425,0.18696850458428893,0.12670493125915527,7.892352650068964,195.78662109375
NAFNet_GGB_Attention,Proposed FGHC variant,GGB,NAFNet Light Attention,FOV1_PND_16_Exp_200_Gain_46_40xObj0020018,32.77446638642729,38.10322334244403,5.32875695601674,0.7517214043380198,0.9401273879784616,0.1884059836404418,0.08869099617004395,11.275101680927534,195.78662109375
NAFNet_GGB_Attention,Proposed FGHC variant,GGB,NAFNet Light Attention,FOV1_PND_16_Exp_200_Gain_46_40xObj0020019,32.78224749159582,38.0699254864738,5.287677994877981,0.7516318768816026,0.9397383596930534,0.18810648281145081,0.09012055397033691,11.09624781411296,195.78662109375
NAFNet_GGB_Attention,Proposed FGHC variant,GGB,NAFNet Light Attention,FOV1_PND_16_Exp_200_Gain_46_40xObj0020020,32.771914527658325,38.0002768967902,5.228362369131872,0.750624173254128,0.9390649882695241,0.1884408150153961,0.08947491645812988,11.176316666000506,195.78662109375
NAFNet_GGB_Attention,Proposed FGHC variant,GGB,NAFNet Light Attention,FOV1_PND_16_Exp_200_Gain_46_40xObj0020021,32.75356116337017,38.100432260102664,5.346871096732492,0.7506428792633705,0.9395058481688819,0.18886296890551146,0.0899498462677002,11.117306382313261,195.78662109375
NAFNet_GGB_Attention,Proposed FGHC variant,GGB,NAFNet Light Attention,FOV1_PND_16_Exp_200_Gain_46_40xObj0020022,32.69612504500138,38.006923721934996,5.310798676933615,0.7499275885806367,0.9388870277707645,0.1889594391901278,0.0904841423034668,11.051660263808305,195.78662109375
NAFNet_GGB_Attention,Proposed FGHC variant,GGB,NAFNet Light Attention,FOV1_PND_16_Exp_200_Gain_46_40xObj0020023,32.66428462928949,37.96266951334157,5.298384884052076,0.7494415289606451,0.9390107638904857,0.18956923492984057,0.09031128883361816,11.072812855570193,195.78662109375
NAFNet_GGB_Attention,Proposed FGHC variant,GGB,NAFNet Light Attention,FOV1_PND_16_Exp_200_Gain_46_40xObj0020024,32.68353118330619,37.992236444509324,5.308705261203137,0.7496438516774854,0.9394626756119595,0.18981882393447413,0.08887791633605957,11.251388885163138,195.78662109375
NAFNet_GGB_Attention,Proposed FGHC variant,GGB,NAFNet Light Attention,FOV1_PND_16_Exp_200_Gain_46_40xObj0020025,32.758796316383794,38.00836018041009,5.2495638640262925,0.7510944497379425,0.9395822082969439,0.18848775855900146,0.08931779861450195,11.195976787516082,195.78662109375
NAFNet_GGB_Attention,Proposed FGHC variant,GGB,NAFNet Light Attention,FOV1_PND_16_Exp_200_Gain_46_40xObj0020026,32.79031284422896,38.04313976828774,5.25282692405878,0.7519247376532702,0.9396171544967111,0.18769241684344096,0.08791851997375488,11.374167812407629,195.78662109375
NAFNet_GGB_Attention,Proposed FGHC variant,GGB,NAFNet Light Attention,FOV1_PND_16_Exp_200_Gain_46_40xObj0020027,32.751264935942366,38.015701800200716,5.26443686425835,0.7510201024507378,0.9396173889966364,0.18859728654589858,0.08801603317260742,11.361566341429059,195.78662109375
NAFNet_GGB_Attention,Proposed FGHC variant,GGB,NAFNet Light Attention,FOV1_PND_16_Exp_200_Gain_46_40xObj0020028,32.773062654428855,37.9589655325583,5.185902878129447,0.752131773119825,0.9395349251336121,0.1874031520137871,0.1005244255065918,9.947831036690937,195.78662109375
NAFNet_GGB_Attention,Proposed FGHC variant,GGB,NAFNet Light Attention,FOV1_PND_16_Exp_200_Gain_46_40xObj0020029,32.77477576067859,37.94650566597451,5.171729905295926,0.7532751478755816,0.9397924812864259,0.1865173334108443,0.09307408332824707,10.744129453021536,195.78662109375
NAFNet_GGB_Attention,Proposed FGHC variant,GGB,NAFNet Light Attention,FOV1_PND_16_Exp_200_Gain_46_40xObj0020030,32.79226682925153,37.99460612927938,5.202339300027852,0.7532713738998419,0.9402888680843021,0.18701749418446023,0.09757804870605469,10.24820657166872,195.78662109375
NAFNet_GGB_Attention,Proposed FGHC variant,GGB,NAFNet Light Attention,FOV1_PND_16_Exp_200_Gain_46_40xObj0020031,32.78343269078992,38.00741161362777,5.223978922837844,0.752779873335576,0.9401656405191655,0.18738576718358946,0.09171056747436523,10.903868851095247,195.78662109375
NAFNet_GGB_Attention,Proposed FGHC variant,GGB,NAFNet Light Attention,FOV1_PND_16_Exp_200_Gain_46_40xObj0020032,32.77793882007581,38.02593778457684,5.247998964501029,0.7524626197294366,0.9397753591872219,0.18731273945778526,0.0914309024810791,10.93722114584773,195.78662109375
NAFNet_GGB_Attention,Proposed FGHC variant,GGB,NAFNet Light Attention,FOV1_PND_16_Exp_200_Gain_46_40xObj0020033,32.70812332571143,37.94995800582724,5.241834680115808,0.7498764404302737,0.939268057128175,0.18939161669790128,0.08925652503967285,11.203662696430527,195.78662109375
NAFNet_GGB_Attention,Proposed FGHC variant,GGB,NAFNet Light Attention,FOV1_PND_16_Exp_200_Gain_46_40xObj0020034,32.71291328204125,37.854316541797786,5.141403259756537,0.7506723155478999,0.9389823134150976,0.1883099978671977,0.089508056640625,11.17217865666553,195.78662109375
NAFNet_GGB_Attention,Proposed FGHC variant,GGB,NAFNet Light Attention,FOV1_PND_16_Exp_200_Gain_46_40xObj0020035,32.74639511435541,37.84839113703876,5.101996022683352,0.7512933264172649,0.9391543239449028,0.18786099752763796,0.08858227729797363,11.288939847822986,195.78662109375
NAFNet_GGB_Attention,Proposed FGHC variant,GGB,NAFNet Light Attention,FOV1_PND_16_Exp_200_Gain_46_40xObj0020036,32.76355538310524,37.78911299864302,5.025557615537778,0.7515306387735218,0.9388990324286265,0.18736839365510471,0.0896921157836914,11.149251985667046,195.78662109375
NAFNet_GGB_Attention,Proposed FGHC variant,GGB,NAFNet Light Attention,FOV1_PND_16_Exp_200_Gain_46_40xObj0020037,32.792202861447166,37.854948240112265,5.062745378665099,0.7519593618367516,0.9391588926792745,0.18719953084252294,0.08975982666015625,11.140841478963026,195.78662109375
NAFNet_GGB_Attention,Proposed FGHC variant,GGB,NAFNet Light Attention,FOV1_PND_16_Exp_200_Gain_46_40xObj0020038,32.763698365697074,37.84530761665176,5.081609250954685,0.7515369482714643,0.9388462493071108,0.18730930103564647,0.0894784927368164,11.175869970690115,195.78662109375
NAFNet_GGB_Attention,Proposed FGHC variant,GGB,NAFNet Light Attention,FOV1_PND_16_Exp_200_Gain_46_40xObj0020039,32.78129076745015,37.900565286956144,5.119274519505993,0.7520104758964109,0.9387883236775713,0.18677784778116036,0.12974095344543457,7.7076664957651335,195.78662109375
NAFNet_GGB_Attention,Proposed FGHC variant,GGB,NAFNet Light Attention,FOV1_PND_16_Exp_200_Gain_46_40xObj0020040,32.77192031577153,37.874871789208385,5.102951473436853,0.752110930603679,0.9386068829774418,0.18649595237376282,0.1197042465209961,8.353922513723022,195.78662109375
NAFNet_GGB_Attention,Proposed FGHC variant,GGB,NAFNet Light Attention,FOV1_PND_16_Exp_200_Gain_46_40xObj0020041,32.77499344594247,37.74512988218281,4.970136436240338,0.7517710501850735,0.9381111330662723,0.18634008288119874,0.08671975135803223,11.531398376263647,195.78662109375
NAFNet_GGB_Attention,Proposed FGHC variant,GGB,NAFNet Light Attention,FOV1_PND_16_Exp_200_Gain_46_40xObj0020042,32.763621818875556,37.752390142189526,4.98876832331397,0.7516333366361962,0.938290782889125,0.1866574462529288,0.08671855926513672,11.531556894788356,195.78662109375
NAFNet_GGB_Attention,Proposed FGHC variant,GGB,NAFNet Light Attention,FOV1_PND_16_Exp_200_Gain_46_40xObj0020043,32.79769637927642,37.758440858607216,4.960744479330799,0.7530925785373433,0.9383678004787717,0.18527522194142831,0.0871896743774414,11.469248017500684,195.78662109375
NAFNet_GGB_Attention,Proposed FGHC variant,GGB,NAFNet Light Attention,FOV1_PND_16_Exp_200_Gain_46_40xObj0020044,32.77508226080273,37.817297437685575,5.042215176882841,0.7521979736200052,0.9387830701046006,0.18658509648459543,0.09239554405212402,10.823032758331506,195.78662109375
NAFNet_GGB_Attention,Proposed FGHC variant,GGB,NAFNet Light Attention,FOV1_PND_16_Exp_200_Gain_46_40xObj0020045,32.73514968010736,37.770055836722804,5.034906156615442,0.7513325508085971,0.93851837752855,0.18718582671995299,0.09180259704589844,10.892938023311379,195.78662109375
NAFNet_GGB_Attention,Proposed FGHC variant,GGB,NAFNet Light Attention,FOV1_PND_16_Exp_200_Gain_46_40xObj0020046,32.734736468913276,37.80730267585772,5.072566206944444,0.7510755233605609,0.9386842678448201,0.18760874448425913,0.09024620056152344,11.080798900982774,195.78662109375
NAFNet_GGB_Attention,Proposed FGHC variant,GGB,NAFNet Light Attention,FOV1_PND_16_Exp_200_Gain_46_40xObj0020047,32.73763982278474,37.85321297442536,5.115573151640618,0.7506945353985589,0.9383770389960455,0.18768250359748662,0.08890056610107422,11.24852229695663,195.78662109375
NAFNet_GGB_Attention,Proposed FGHC variant,GGB,NAFNet Light Attention,FOV1_PND_16_Exp_200_Gain_46_40xObj0020048,32.74524346847231,37.92640010569308,5.1811566372207665,0.7508484319808909,0.9387709372059447,0.18792250522505383,0.0887291431427002,11.270254220664935,195.78662109375
NAFNet_GGB_Attention,Proposed FGHC variant,GGB,NAFNet Light Attention,FOV1_PND_16_Exp_200_Gain_46_40xObj0020049,32.69677826340367,37.90399229237062,5.207214028966945,0.7500665175175175,0.9385839228438831,0.18851740532636563,0.0892171859741211,11.208602794197818,195.78662109375
NAFNet_GGB_SFT_Modulation,Proposed FGHC variant,GGB,NAFNet Light SFT,FOV1_PND_16_Exp_200_Gain_46_40xObj0020000,32.729720333091535,37.995408444691144,5.265688111599609,0.7516204796483957,0.9374196130460551,0.1857991333976594,0.14505767822265625,6.8938094987640035,201.79296875
NAFNet_GGB_SFT_Modulation,Proposed FGHC variant,GGB,NAFNet Light SFT,FOV1_PND_16_Exp_200_Gain_46_40xObj0020001,32.76484287748777,38.01953363255992,5.254690755072147,0.7521623476770843,0.9380225646755891,0.18586021699850475,0.11861658096313477,8.430524568152856,201.79296875
NAFNet_GGB_SFT_Modulation,Proposed FGHC variant,GGB,NAFNet Light SFT,FOV1_PND_16_Exp_200_Gain_46_40xObj0020002,32.69719261975971,37.92897925034423,5.231786630584516,0.7499542285010486,0.9371650806518123,0.1872108521507636,0.09229683876037598,10.834607267495176,201.79296875
NAFNet_GGB_SFT_Modulation,Proposed FGHC variant,GGB,NAFNet Light SFT,FOV1_PND_16_Exp_200_Gain_46_40xObj0020003,32.72718937253372,38.016369249232355,5.289179876698633,0.7511937332778174,0.9379360196773784,0.18674228639956103,0.09131264686584473,10.951385534461465,201.79296875
NAFNet_GGB_SFT_Modulation,Proposed FGHC variant,GGB,NAFNet Light SFT,FOV1_PND_16_Exp_200_Gain_46_40xObj0020004,32.70605289645722,38.048772427152024,5.342719530694801,0.7509473028087025,0.9383804075067502,0.18743310469804775,0.0902247428894043,11.083434188621409,201.79296875
NAFNet_GGB_SFT_Modulation,Proposed FGHC variant,GGB,NAFNet Light SFT,FOV1_PND_16_Exp_200_Gain_46_40xObj0020005,32.733105051383895,38.016783969072605,5.283678917688711,0.751019527972109,0.9378336388070899,0.1868141108349809,0.09020113945007324,11.086334453164028,201.79296875
NAFNet_GGB_SFT_Modulation,Proposed FGHC variant,GGB,NAFNet Light SFT,FOV1_PND_16_Exp_200_Gain_46_40xObj0020006,32.756696787414725,38.005891762012624,5.2491949745978985,0.7512313699323272,0.9378755680202525,0.18664419808792532,0.0900580883026123,11.103944341343443,201.79296875
NAFNet_GGB_SFT_Modulation,Proposed FGHC variant,GGB,NAFNet Light SFT,FOV1_PND_16_Exp_200_Gain_46_40xObj0020007,32.752100791212925,37.966567014658295,5.2144662234453705,0.7508459913626989,0.9374113525141768,0.18656536115147793,0.08854794502258301,11.293316855009598,201.79296875
NAFNet_GGB_SFT_Modulation,Proposed FGHC variant,GGB,NAFNet Light SFT,FOV1_PND_16_Exp_200_Gain_46_40xObj0020008,32.72663323643756,37.88231329105394,5.155680054616383,0.7499428973437879,0.9368117119361172,0.1868688145923293,0.08869314193725586,11.27482890060913,201.79296875
NAFNet_GGB_SFT_Modulation,Proposed FGHC variant,GGB,NAFNet Light SFT,FOV1_PND_16_Exp_200_Gain_46_40xObj0020009,32.73024533393844,37.923725084425314,5.193479750486873,0.7503300940082119,0.9370554958718168,0.18672540186360487,0.0894174575805664,11.18349846951291,201.79296875
NAFNet_GGB_SFT_Modulation,Proposed FGHC variant,GGB,NAFNet Light SFT,FOV1_PND_16_Exp_200_Gain_46_40xObj0020010,32.76514386146915,37.97518709592792,5.210043234458773,0.7512222580745229,0.9371874780836867,0.18596522000916382,0.08944368362426758,11.180219323264579,201.79296875
NAFNet_GGB_SFT_Modulation,Proposed FGHC variant,GGB,NAFNet Light SFT,FOV1_PND_16_Exp_200_Gain_46_40xObj0020011,32.76660814510982,38.01431075952778,5.24770261441796,0.7515460875069281,0.9377403887096466,0.18619430120271852,0.09589529037475586,10.42804079420408,201.79296875
NAFNet_GGB_SFT_Modulation,Proposed FGHC variant,GGB,NAFNet Light SFT,FOV1_PND_16_Exp_200_Gain_46_40xObj0020012,32.75056363298163,37.99788483541733,5.2473212024357,0.7512621594118221,0.9378846350455282,0.18662247563370615,0.13262200355529785,7.54022690950406,201.79296875
NAFNet_GGB_SFT_Modulation,Proposed FGHC variant,GGB,NAFNet Light SFT,FOV1_PND_16_Exp_200_Gain_46_40xObj0020013,32.731045616561175,37.961738839960624,5.230693223399449,0.7506370156939456,0.9380319881629532,0.1873949724690076,0.0884408950805664,11.306986423973171,201.79296875
NAFNet_GGB_SFT_Modulation,Proposed FGHC variant,GGB,NAFNet Light SFT,FOV1_PND_16_Exp_200_Gain_46_40xObj0020014,32.79528601801144,38.027896628747925,5.2326106107364865,0.7522675395914412,0.9382636118688739,0.18599607227743264,0.08901596069335938,11.233940432826227,201.79296875
NAFNet_GGB_SFT_Modulation,Proposed FGHC variant,GGB,NAFNet Light SFT,FOV1_PND_16_Exp_200_Gain_46_40xObj0020015,32.78712382176566,38.06242375599828,5.275299934232621,0.7523310361379044,0.9383218169716282,0.18599078083372378,0.08892631530761719,11.24526521244879,201.79296875
NAFNet_GGB_SFT_Modulation,Proposed FGHC variant,GGB,NAFNet Light SFT,FOV1_PND_16_Exp_200_Gain_46_40xObj0020016,32.835814213218974,38.17285594388046,5.337041730661483,0.7538785420017229,0.9390288361305248,0.1851502941288019,0.09292387962341309,10.761496442600532,201.79296875
NAFNet_GGB_SFT_Modulation,Proposed FGHC variant,GGB,NAFNet Light SFT,FOV1_PND_16_Exp_200_Gain_46_40xObj0020017,32.81764805870415,38.19611849708912,5.378470438384966,0.7530695999494535,0.9391998252691699,0.18613022531971635,0.09249138832092285,10.81181738271936,201.79296875
NAFNet_GGB_SFT_Modulation,Proposed FGHC variant,GGB,NAFNet Light SFT,FOV1_PND_16_Exp_200_Gain_46_40xObj0020018,32.77446638642729,38.2248308100956,5.450364423668304,0.7517214043380198,0.9393296459386354,0.18760824160061562,-0.8173761367797852,0.0,201.79296875
NAFNet_GGB_SFT_Modulation,Proposed FGHC variant,GGB,NAFNet Light SFT,FOV1_PND_16_Exp_200_Gain_46_40xObj0020019,32.78224749159582,38.21122380767323,5.42897631607741,0.7516318768816026,0.9391400982530255,0.18750822137142287,0.0894460678100586,11.17992131441183,201.79296875
NAFNet_GGB_SFT_Modulation,Proposed FGHC variant,GGB,NAFNet Light SFT,FOV1_PND_16_Exp_200_Gain_46_40xObj0020020,32.771914527658325,38.13292967762874,5.361015149970413,0.750624173254128,0.938604770264285,0.187980597010157,0.08970332145690918,11.147859229274697,201.79296875
NAFNet_GGB_SFT_Modulation,Proposed FGHC variant,GGB,NAFNet Light SFT,FOV1_PND_16_Exp_200_Gain_46_40xObj0020021,32.75356116337017,38.219094331852126,5.465533168481954,0.7506428792633705,0.9389720612577009,0.18832918199433046,0.08968520164489746,11.150111519617617,201.79296875
NAFNet_GGB_SFT_Modulation,Proposed FGHC variant,GGB,NAFNet Light SFT,FOV1_PND_16_Exp_200_Gain_46_40xObj0020022,32.69612504500138,38.11587810244559,5.419753057444211,0.7499275885806367,0.9383674974687896,0.18843990888815287,0.08893013000488281,11.244782841823056,201.79296875
NAFNet_GGB_SFT_Modulation,Proposed FGHC variant,GGB,NAFNet Light SFT,FOV1_PND_16_Exp_200_Gain_46_40xObj0020023,32.66428462928949,38.07151966792429,5.407235038634802,0.7494415289606451,0.9384241240767661,0.18898259511612103,0.09210848808288574,10.856762724192468,201.79296875
NAFNet_GGB_SFT_Modulation,Proposed FGHC variant,GGB,NAFNet Light SFT,FOV1_PND_16_Exp_200_Gain_46_40xObj0020024,32.68353118330619,38.10490939310262,5.421378209796437,0.7496438516774854,0.9387774461634106,0.18913359448592526,0.09728074073791504,10.279526989767783,201.79296875
NAFNet_GGB_SFT_Modulation,Proposed FGHC variant,GGB,NAFNet Light SFT,FOV1_PND_16_Exp_200_Gain_46_40xObj0020025,32.758796316383794,38.12939343203704,5.370597115653247,0.7510944497379425,0.9390107230513994,0.18791627331345695,0.08863282203674316,11.282502091442437,201.79296875
NAFNet_GGB_SFT_Modulation,Proposed FGHC variant,GGB,NAFNet Light SFT,FOV1_PND_16_Exp_200_Gain_46_40xObj0020026,32.79031284422896,38.163132131379925,5.372819287150968,0.7519247376532702,0.9389645616501713,0.1870398239969011,0.08887505531311035,11.251751084451765,201.79296875
NAFNet_GGB_SFT_Modulation,Proposed FGHC variant,GGB,NAFNet Light SFT,FOV1_PND_16_Exp_200_Gain_46_40xObj0020027,32.751264935942366,38.14216631647022,5.3909013805278505,0.7510201024507378,0.9389059067434117,0.18788580429267387,0.09324955940246582,10.723911259290698,201.79296875
NAFNet_GGB_SFT_Modulation,Proposed FGHC variant,GGB,NAFNet Light SFT,FOV1_PND_16_Exp_200_Gain_46_40xObj0020028,32.773062654428855,38.08955605016017,5.316493395731314,0.752131773119825,0.9388149647510976,0.18668319163127256,0.09159588813781738,10.917520647819648,201.79296875
NAFNet_GGB_SFT_Modulation,Proposed FGHC variant,GGB,NAFNet Light SFT,FOV1_PND_16_Exp_200_Gain_46_40xObj0020029,32.77477576067859,38.110606300519194,5.335830539840607,0.7532751478755816,0.9394483980207048,0.1861732501451232,0.0914151668548584,10.939103809630616,201.79296875
NAFNet_GGB_SFT_Modulation,Proposed FGHC variant,GGB,NAFNet Light SFT,FOV1_PND_16_Exp_200_Gain_46_40xObj0020030,32.79226682925153,38.1163580248943,5.324091195642772,0.7532713738998419,0.9396192707589645,0.18634789685912256,0.0895388126373291,11.16834108634467,201.79296875
NAFNet_GGB_SFT_Modulation,Proposed FGHC variant,GGB,NAFNet Light SFT,FOV1_PND_16_Exp_200_Gain_46_40xObj0020031,32.78343269078992,38.16254131712861,5.3791086263386845,0.752779873335576,0.9397947061457036,0.18701483281012754,0.09032154083251953,11.071556029522009,201.79296875
NAFNet_GGB_SFT_Modulation,Proposed FGHC variant,GGB,NAFNet Light SFT,FOV1_PND_16_Exp_200_Gain_46_40xObj0020032,32.77793882007581,38.17912406666966,5.4011852465938475,0.7524626197294366,0.9393565618223766,0.18689394209293997,0.08845067024230957,11.305736827776565,201.79296875
NAFNet_GGB_SFT_Modulation,Proposed FGHC variant,GGB,NAFNet Light SFT,FOV1_PND_16_Exp_200_Gain_46_40xObj0020033,32.70812332571143,38.09285470249192,5.384731376780486,0.7498764404302737,0.9386758710027983,0.18879943057252457,0.09026503562927246,11.07848673662635,201.79296875
NAFNet_GGB_SFT_Modulation,Proposed FGHC variant,GGB,NAFNet Light SFT,FOV1_PND_16_Exp_200_Gain_46_40xObj0020034,32.71291328204125,38.027667970505874,5.314754688464625,0.7506723155478999,0.9385740342484904,0.18790171870059047,0.09242916107177734,10.819096358815093,201.79296875
NAFNet_GGB_SFT_Modulation,Proposed FGHC variant,GGB,NAFNet Light SFT,FOV1_PND_16_Exp_200_Gain_46_40xObj0020035,32.74639511435541,38.003076182890666,5.256681068535258,0.7512933264172649,0.9387194395265386,0.1874261131092737,0.11002540588378906,9.088809915922683,201.79296875
NAFNet_GGB_SFT_Modulation,Proposed FGHC variant,GGB,NAFNet Light SFT,FOV1_PND_16_Exp_200_Gain_46_40xObj0020036,32.76355538310524,37.945753081409535,5.182197698304293,0.7515306387735218,0.9384726268808968,0.18694198810737506,0.09544086456298828,10.477692177023691,201.79296875
NAFNet_GGB_SFT_Modulation,Proposed FGHC variant,GGB,NAFNet Light SFT,FOV1_PND_16_Exp_200_Gain_46_40xObj0020037,32.792202861447166,37.990188824336364,5.197985962889199,0.7519593618367516,0.9386818583207979,0.18672249648404626,0.10781741142272949,9.274939796868331,201.79296875
NAFNet_GGB_SFT_Modulation,Proposed FGHC variant,GGB,NAFNet Light SFT,FOV1_PND_16_Exp_200_Gain_46_40xObj0020038,32.763698365697074,37.968419992675805,5.204721626978731,0.7515369482714643,0.9382053898877104,0.18666844161624607,0.09441471099853516,10.591569782123413,201.79296875
NAFNet_GGB_SFT_Modulation,Proposed FGHC variant,GGB,NAFNet Light SFT,FOV1_PND_16_Exp_200_Gain_46_40xObj0020039,32.78129076745015,38.03435850255908,5.253067735108928,0.7520104758964109,0.9382437142791029,0.186233238382692,0.09138894081115723,10.942243023325585,201.79296875
NAFNet_GGB_SFT_Modulation,Proposed FGHC variant,GGB,NAFNet Light SFT,FOV1_PND_16_Exp_200_Gain_46_40xObj0020040,32.77192031577153,38.021745926798395,5.249825611026864,0.752110930603679,0.9381921900047022,0.18608125940102327,0.09270620346069336,10.786764668062277,201.79296875
NAFNet_GGB_SFT_Modulation,Proposed FGHC variant,GGB,NAFNet Light SFT,FOV1_PND_16_Exp_200_Gain_46_40xObj0020041,32.77499344594247,37.88800580137313,5.113012355430662,0.7517710501850735,0.937675863947768,0.18590481376269452,0.08991503715515137,11.121610262746897,201.79296875
NAFNet_GGB_SFT_Modulation,Proposed FGHC variant,GGB,NAFNet Light SFT,FOV1_PND_16_Exp_200_Gain_46_40xObj0020042,32.763621818875556,37.894013778207906,5.13039195933235,0.7516333366361962,0.9378905110755963,0.18625717443940004,0.08936119079589844,11.190540223260976,201.79296875
NAFNet_GGB_SFT_Modulation,Proposed FGHC variant,GGB,NAFNet Light SFT,FOV1_PND_16_Exp_200_Gain_46_40xObj0020043,32.79769637927642,37.89106806285772,5.093371683581303,0.7530925785373433,0.937932036032478,0.18483945749513464,0.08861517906188965,11.284748398483638,201.79296875
NAFNet_GGB_SFT_Modulation,Proposed FGHC variant,GGB,NAFNet Light SFT,FOV1_PND_16_Exp_200_Gain_46_40xObj0020044,32.77508226080273,37.95496188416476,5.179879623362027,0.7521979736200052,0.9382678784364141,0.18606990481640895,0.08888530731201172,11.250453311588682,201.79296875
NAFNet_GGB_SFT_Modulation,Proposed FGHC variant,GGB,NAFNet Light SFT,FOV1_PND_16_Exp_200_Gain_46_40xObj0020045,32.73514968010736,37.91228886080534,5.177139180697978,0.7513325508085971,0.9381045591656946,0.1867720083570975,0.08922672271728516,11.207404794732849,201.79296875
NAFNet_GGB_SFT_Modulation,Proposed FGHC variant,GGB,NAFNet Light SFT,FOV1_PND_16_Exp_200_Gain_46_40xObj0020046,32.734736468913276,37.962378390871535,5.227641921958259,0.7510755233605609,0.938269312353817,0.18719378899325612,0.1052095890045166,9.504837053940687,201.79296875
NAFNet_GGB_SFT_Modulation,Proposed FGHC variant,GGB,NAFNet Light SFT,FOV1_PND_16_Exp_200_Gain_46_40xObj0020047,32.73763982278474,38.02421744803143,5.286577625246686,0.7506945353985589,0.9382129563616161,0.18751842096305715,0.1000833511352539,9.991671828100433,201.79296875
NAFNet_GGB_SFT_Modulation,Proposed FGHC variant,GGB,NAFNet Light SFT,FOV1_PND_16_Exp_200_Gain_46_40xObj0020048,32.74524346847231,38.09420268324084,5.348959214768527,0.7508484319808909,0.9385014388935398,0.18765300691264886,0.0987098217010498,10.130704146428062,201.79296875
NAFNet_GGB_SFT_Modulation,Proposed FGHC variant,GGB,NAFNet Light SFT,FOV1_PND_16_Exp_200_Gain_46_40xObj0020049,32.69677826340367,38.03964124576889,5.342862982365219,0.7500665175175175,0.9380479428866919,0.1879814253691744,0.10311293601989746,9.69810422047368,201.79296875
NAFNet_AD_Zhang_Attention,Proposed FGHC variant,AD Zhang,NAFNet Light Attention,FOV1_PND_16_Exp_200_Gain_46_40xObj0020000,32.729720333091535,38.019525558592505,5.28980522550097,0.7516204796483957,0.9395675271760474,0.18794704752765168,0.2598109245300293,3.848952856039041,195.78662109375
NAFNet_AD_Zhang_Attention,Proposed FGHC variant,AD Zhang,NAFNet Light Attention,FOV1_PND_16_Exp_200_Gain_46_40xObj0020001,32.76484287748777,38.11547582299638,5.3506329455086075,0.7521623476770843,0.9402675624973679,0.18810521482028353,0.25639796257019043,3.9001869982732185,195.78662109375
NAFNet_AD_Zhang_Attention,Proposed FGHC variant,AD Zhang,NAFNet Light Attention,FOV1_PND_16_Exp_200_Gain_46_40xObj0020002,32.69719261975971,37.973320045063105,5.276127425303393,0.7499542285010486,0.9393061140316806,0.18935188553063198,0.26448583602905273,3.7809208047350933,195.78662109375
NAFNet_AD_Zhang_Attention,Proposed FGHC variant,AD Zhang,NAFNet Light Attention,FOV1_PND_16_Exp_200_Gain_46_40xObj0020003,32.72718937253372,38.0073804813876,5.280191108853877,0.7511937332778174,0.9397550015720825,0.18856126829426512,0.26793360710144043,3.7322678958350943,195.78662109375
NAFNet_AD_Zhang_Attention,Proposed FGHC variant,AD Zhang,NAFNet Light Attention,FOV1_PND_16_Exp_200_Gain_46_40xObj0020004,32.70605289645722,38.03901454677285,5.3329616503156245,0.7509473028087025,0.9401430386898445,0.18919573588114202,0.5295584201812744,1.8883657815462316,195.78662109375
NAFNet_AD_Zhang_Attention,Proposed FGHC variant,AD Zhang,NAFNet Light Attention,FOV1_PND_16_Exp_200_Gain_46_40xObj0020005,32.733105051383895,37.99812692817456,5.265021876790662,0.751019527972109,0.9394775741026479,0.18845804613053885,0.2767817974090576,3.612954353794059,195.78662109375
NAFNet_AD_Zhang_Attention,Proposed FGHC variant,AD Zhang,NAFNet Light Attention,FOV1_PND_16_Exp_200_Gain_46_40xObj0020006,32.756696787414725,38.06292444703161,5.306227659616887,0.7512313699323272,0.9396791779069492,0.18844780797462202,0.27223801612854004,3.673256271188222,195.78662109375
NAFNet_AD_Zhang_Attention,Proposed FGHC variant,AD Zhang,NAFNet Light Attention,FOV1_PND_16_Exp_200_Gain_46_40xObj0020007,32.752100791212925,38.01773512340015,5.265634332187226,0.7508459913626989,0.9392014576105921,0.18835546624789323,0.2749135494232178,3.637507143965983,195.78662109375
NAFNet_AD_Zhang_Attention,Proposed FGHC variant,AD Zhang,NAFNet Light Attention,FOV1_PND_16_Exp_200_Gain_46_40xObj0020008,32.72663323643756,38.000260284430475,5.2736270479929175,0.7499428973437879,0.9390380351710007,0.18909513782721277,0.2709794044494629,3.6903173583677202,195.78662109375
NAFNet_AD_Zhang_Attention,Proposed FGHC variant,AD Zhang,NAFNet Light Attention,FOV1_PND_16_Exp_200_Gain_46_40xObj0020009,32.73024533393844,38.02431174707375,5.294066413135312,0.7503300940082119,0.9392362666589387,0.18890617265072673,0.26609206199645996,3.7580978271095655,195.78662109375
NAFNet_AD_Zhang_Attention,Proposed FGHC variant,AD Zhang,NAFNet Light Attention,FOV1_PND_16_Exp_200_Gain_46_40xObj0020010,32.76514386146915,38.12957837430159,5.364434512832439,0.7512222580745229,0.9397513152921776,0.18852905721765467,0.2689034938812256,3.718806273456971,195.78662109375
NAFNet_AD_Zhang_Attention,Proposed FGHC variant,AD Zhang,NAFNet Light Attention,FOV1_PND_16_Exp_200_Gain_46_40xObj0020011,32.76660814510982,38.161279847262236,5.394671702152415,0.7515460875069281,0.9401631165428107,0.18861702903588262,0.42601823806762695,2.3473173461678374,195.78662109375
NAFNet_AD_Zhang_Attention,Proposed FGHC variant,AD Zhang,NAFNet Light Attention,FOV1_PND_16_Exp_200_Gain_46_40xObj0020012,32.75056363298163,38.117096174277265,5.3665325412956335,0.7512621594118221,0.9401368203262482,0.18887466091442617,0.2869582176208496,3.484827889896061,195.78662109375
NAFNet_AD_Zhang_Attention,Proposed FGHC variant,AD Zhang,NAFNet Light Attention,FOV1_PND_16_Exp_200_Gain_46_40xObj0020013,32.731045616561175,38.10373699167113,5.372691375109952,0.7506370156939456,0.9401588258681035,0.18952181017415792,0.26601338386535645,3.7592093505571635,195.78662109375
NAFNet_AD_Zhang_Attention,Proposed FGHC variant,AD Zhang,NAFNet Light Attention,FOV1_PND_16_Exp_200_Gain_46_40xObj0020014,32.79528601801144,38.20459016246078,5.409304144449344,0.7522675395914412,0.9403268725235728,0.18805933293213162,0.26671648025512695,3.7492996272425785,195.78662109375
NAFNet_AD_Zhang_Attention,Proposed FGHC variant,AD Zhang,NAFNet Light Attention,FOV1_PND_16_Exp_200_Gain_46_40xObj0020015,32.78712382176566,38.1928273290604,5.405703507294739,0.7523310361379044,0.9403555565638345,0.1880245204259301,0.28388452529907227,3.5225590368002635,195.78662109375
NAFNet_AD_Zhang_Attention,Proposed FGHC variant,AD Zhang,NAFNet Light Attention,FOV1_PND_16_Exp_200_Gain_46_40xObj0020016,32.835814213218974,38.27767171774529,5.441857504526318,0.7538785420017229,0.9411027748762861,0.18722423287456325,0.3066239356994629,3.261323998463541,195.78662109375
NAFNet_AD_Zhang_Attention,Proposed FGHC variant,AD Zhang,NAFNet Light Attention,FOV1_PND_16_Exp_200_Gain_46_40xObj0020017,32.81764805870415,38.3021549102819,5.484506851577748,0.7530695999494535,0.9413101824007701,0.18824058245131658,0.29239511489868164,3.4200297783583418,195.78662109375
NAFNet_AD_Zhang_Attention,Proposed FGHC variant,AD Zhang,NAFNet Light Attention,FOV1_PND_16_Exp_200_Gain_46_40xObj0020018,32.77446638642729,38.255613287518955,5.4811469010916625,0.7517214043380198,0.9413282229893544,0.18960681865133455,0.2753424644470215,3.631840813251708,195.78662109375
NAFNet_AD_Zhang_Attention,Proposed FGHC variant,AD Zhang,NAFNet Light Attention,FOV1_PND_16_Exp_200_Gain_46_40xObj0020019,32.78224749159582,38.25725096826173,5.475003476665911,0.7516318768816026,0.9411777799182032,0.18954590303660057,0.4478285312652588,2.2329975206686368,195.78662109375
NAFNet_AD_Zhang_Attention,Proposed FGHC variant,AD Zhang,NAFNet Light Attention,FOV1_PND_16_Exp_200_Gain_46_40xObj0020020,32.771914527658325,38.21306712969041,5.4411526020320835,0.750624173254128,0.940614970044903,0.18999079679077502,0.2842566967010498,3.517947023255853,195.78662109375
NAFNet_AD_Zhang_Attention,Proposed FGHC variant,AD Zhang,NAFNet Light Attention,FOV1_PND_16_Exp_200_Gain_46_40xObj0020021,32.75356116337017,38.22970080420008,5.476139640829906,0.7506428792633705,0.940971507322787,0.19032862805941653,0.2696833610534668,3.7080522732054733,195.78662109375
NAFNet_AD_Zhang_Attention,Proposed FGHC variant,AD Zhang,NAFNet Light Attention,FOV1_PND_16_Exp_200_Gain_46_40xObj0020022,32.69612504500138,38.149248126973724,5.453123081972343,0.7499275885806367,0.9404828656426547,0.19055527706201802,0.27242350578308105,3.6707551983280635,195.78662109375
NAFNet_AD_Zhang_Attention,Proposed FGHC variant,AD Zhang,NAFNet Light Attention,FOV1_PND_16_Exp_200_Gain_46_40xObj0020023,32.66428462928949,38.1277033694127,5.46341874012321,0.7494415289606451,0.9404829679263399,0.1910414389656948,0.27068185806274414,3.6943739309200385,195.78662109375
NAFNet_AD_Zhang_Attention,Proposed FGHC variant,AD Zhang,NAFNet Light Attention,FOV1_PND_16_Exp_200_Gain_46_40xObj0020024,32.68353118330619,38.139857527969326,5.45632634466314,0.7496438516774854,0.9406802266266688,0.19103637494918346,0.2668793201446533,3.7470119432932543,195.78662109375
NAFNet_AD_Zhang_Attention,Proposed FGHC variant,AD Zhang,NAFNet Light Attention,FOV1_PND_16_Exp_200_Gain_46_40xObj0020025,32.758796316383794,38.23726647074638,5.478470154362583,0.7510944497379425,0.941051934250138,0.18995748451219552,0.28957366943359375,3.453352654459228,195.78662109375
NAFNet_AD_Zhang_Attention,Proposed FGHC variant,AD Zhang,NAFNet Light Attention,FOV1_PND_16_Exp_200_Gain_46_40xObj0020026,32.79031284422896,38.29487172343148,5.50455887920252,0.7519247376532702,0.9410103588660418,0.18908562121277162,0.5041718482971191,1.983450689239354,195.78662109375
NAFNet_AD_Zhang_Attention,Proposed FGHC variant,AD Zhang,NAFNet Light Attention,FOV1_PND_16_Exp_200_Gain_46_40xObj0020027,32.751264935942366,38.229376532884956,5.47811159694259,0.7510201024507378,0.9406520475850856,0.18963194513434778,0.26610898971557617,3.7578587670744406,195.78662109375
NAFNet_AD_Zhang_Attention,Proposed FGHC variant,AD Zhang,NAFNet Light Attention,FOV1_PND_16_Exp_200_Gain_46_40xObj0020028,32.773062654428855,38.22290351885015,5.449840864421297,0.752131773119825,0.940702740349776,0.18857096722995093,0.28601813316345215,3.496281822902904,195.78662109375
NAFNet_AD_Zhang_Attention,Proposed FGHC variant,AD Zhang,NAFNet Light Attention,FOV1_PND_16_Exp_200_Gain_46_40xObj0020029,32.77477576067859,38.24131028726357,5.4665345265849865,0.7532751478755816,0.9411770129359261,0.18790186506034456,0.27207064628601074,3.6755159501799506,195.78662109375
NAFNet_AD_Zhang_Attention,Proposed FGHC variant,AD Zhang,NAFNet Light Attention,FOV1_PND_16_Exp_200_Gain_46_40xObj0020030,32.79226682925153,38.23696992897283,5.444703099721302,0.7532713738998419,0.9415377559213184,0.1882663820214765,0.2624635696411133,3.810052577458187,195.78662109375
NAFNet_AD_Zhang_Attention,Proposed FGHC variant,AD Zhang,NAFNet Light Attention,FOV1_PND_16_Exp_200_Gain_46_40xObj0020031,32.78343269078992,38.29554620640597,5.512113515616051,0.752779873335576,0.9418969300698188,0.18911705673424273,0.2938072681427002,3.403591770623955,195.78662109375
NAFNet_AD_Zhang_Attention,Proposed FGHC variant,AD Zhang,NAFNet Light Attention,FOV1_PND_16_Exp_200_Gain_46_40xObj0020032,32.77793882007581,38.275064841725495,5.4971260216496844,0.7524626197294366,0.9413811698077924,0.18891855007835578,0.2724599838256836,3.6702637428026392,195.78662109375
NAFNet_AD_Zhang_Attention,Proposed FGHC variant,AD Zhang,NAFNet Light Attention,FOV1_PND_16_Exp_200_Gain_46_40xObj0020033,32.70812332571143,38.18638614779786,5.478262822086428,0.7498764404302737,0.9407510311691438,0.19087459073887014,0.6093761920928955,1.6410224307672925,195.78662109375
NAFNet_AD_Zhang_Attention,Proposed FGHC variant,AD Zhang,NAFNet Light Attention,FOV1_PND_16_Exp_200_Gain_46_40xObj0020034,32.71291328204125,38.18735056926811,5.474437287226863,0.7506723155478999,0.9407629634096714,0.19009064786177143,0.26853156089782715,3.7239570524095202,195.78662109375
NAFNet_AD_Zhang_Attention,Proposed FGHC variant,AD Zhang,NAFNet Light Attention,FOV1_PND_16_Exp_200_Gain_46_40xObj0020035,32.74639511435541,38.1866675085016,5.4402723941461915,0.7512933264172649,0.9408425645765854,0.18954923815932057,0.27349233627319336,3.656409585828735,195.78662109375
NAFNet_AD_Zhang_Attention,Proposed FGHC variant,AD Zhang,NAFNet Light Attention,FOV1_PND_16_Exp_200_Gain_46_40xObj0020036,32.76355538310524,38.1770266172391,5.4134712341338584,0.7515306387735218,0.9407058807239496,0.18917524195042779,-0.652158260345459,0.0,195.78662109375
NAFNet_AD_Zhang_Attention,Proposed FGHC variant,AD Zhang,NAFNet Light Attention,FOV1_PND_16_Exp_200_Gain_46_40xObj0020037,32.792202861447166,38.18753631771955,5.3953334562723825,0.7519593618367516,0.9404515946130836,0.18849223277633198,0.27634167671203613,3.618708592558977,195.78662109375
NAFNet_AD_Zhang_Attention,Proposed FGHC variant,AD Zhang,NAFNet Light Attention,FOV1_PND_16_Exp_200_Gain_46_40xObj0020038,32.763698365697074,38.158242254420685,5.394543888723611,0.7515369482714643,0.9402573470335357,0.18872039876207136,0.28116798400878906,3.556592702136175,195.78662109375
NAFNet_AD_Zhang_Attention,Proposed FGHC variant,AD Zhang,NAFNet Light Attention,FOV1_PND_16_Exp_200_Gain_46_40xObj0020039,32.78129076745015,38.2017831485266,5.42049238107645,0.7520104758964109,0.9401587946298712,0.18814831873346027,0.28214049339294434,3.54433349135487,195.78662109375
NAFNet_AD_Zhang_Attention,Proposed FGHC variant,AD Zhang,NAFNet Light Attention,FOV1_PND_16_Exp_200_Gain_46_40xObj0020040,32.77192031577153,38.172324576732834,5.400404260961302,0.752110930603679,0.9400452100781411,0.18793427947446217,0.5824918746948242,1.716762144577406,195.78662109375
NAFNet_AD_Zhang_Attention,Proposed FGHC variant,AD Zhang,NAFNet Light Attention,FOV1_PND_16_Exp_200_Gain_46_40xObj0020041,32.77499344594247,38.11720021884197,5.342206772899502,0.7517710501850735,0.9398297955010176,0.18805874531594413,0.272106409072876,3.675032879259299,195.78662109375
NAFNet_AD_Zhang_Attention,Proposed FGHC variant,AD Zhang,NAFNet Light Attention,FOV1_PND_16_Exp_200_Gain_46_40xObj0020042,32.763621818875556,38.1225516894765,5.358929870600946,0.7516333366361962,0.9399750505394918,0.18834171390329557,0.2638673782348633,3.789782604767154,195.78662109375
NAFNet_AD_Zhang_Attention,Proposed FGHC variant,AD Zhang,NAFNet Light Attention,FOV1_PND_16_Exp_200_Gain_46_40xObj0020043,32.79769637927642,38.08040376450239,5.282707385225976,0.7530925785373433,0.9398931840573427,0.18680060551999933,0.2704353332519531,3.6977416670193106,195.78662109375
NAFNet_AD_Zhang_Attention,Proposed FGHC variant,AD Zhang,NAFNet Light Attention,FOV1_PND_16_Exp_200_Gain_46_40xObj0020044,32.77508226080273,38.141107807928734,5.366025547126,0.7521979736200052,0.9404639752679883,0.18826600164798313,0.2698965072631836,3.7051239015289377,195.78662109375
NAFNet_AD_Zhang_Attention,Proposed FGHC variant,AD Zhang,NAFNet Light Attention,FOV1_PND_16_Exp_200_Gain_46_40xObj0020045,32.73514968010736,38.064362147957226,5.329212467849864,0.7513325508085971,0.9398965496884234,0.18856399887982633,0.2615225315093994,3.823762313053546,195.78662109375
NAFNet_AD_Zhang_Attention,Proposed FGHC variant,AD Zhang,NAFNet Light Attention,FOV1_PND_16_Exp_200_Gain_46_40xObj0020046,32.734736468913276,38.08867927535472,5.353942806441445,0.7510755233605609,0.9401882575014998,0.18911273414093888,0.2657456398010254,3.7629968294070255,195.78662109375
NAFNet_AD_Zhang_Attention,Proposed FGHC variant,AD Zhang,NAFNet Light Attention,FOV1_PND_16_Exp_200_Gain_46_40xObj0020047,32.73763982278474,38.09537196556412,5.357732142779376,0.7506945353985589,0.9399102877105238,0.18921575231196486,0.5043385028839111,1.98279527397134,195.78662109375
NAFNet_AD_Zhang_Attention,Proposed FGHC variant,AD Zhang,NAFNet Light Attention,FOV1_PND_16_Exp_200_Gain_46_40xObj0020048,32.74524346847231,38.157230380622394,5.411986912150084,0.7508484319808909,0.9403377739989279,0.18948934201803702,0.3051612377166748,3.276956167442355,195.78662109375
NAFNet_AD_Zhang_Attention,Proposed FGHC variant,AD Zhang,NAFNet Light Attention,FOV1_PND_16_Exp_200_Gain_46_40xObj0020049,32.69677826340367,38.08678193473029,5.3900036713266175,0.7500665175175175,0.9401654705995234,0.19009895308200586,0.28061604499816895,3.563588104901575,195.78662109375
NAFNet_AD_Zhang_SFT_Modulation,Proposed FGHC variant,AD Zhang,NAFNet Light SFT,FOV1_PND_16_Exp_200_Gain_46_40xObj0020000,32.729720333091535,38.169048598526196,5.439328265434661,0.7516204796483957,0.9399464345371102,0.1883259548887145,0.27692484855651855,3.6110880089401096,201.79296875
NAFNet_AD_Zhang_SFT_Modulation,Proposed FGHC variant,AD Zhang,NAFNet Light SFT,FOV1_PND_16_Exp_200_Gain_46_40xObj0020001,32.76484287748777,38.210329999419926,5.445487121932153,0.7521623476770843,0.9405850829390229,0.18842273526193853,0.2647545337677002,3.7770835715977418,201.79296875
NAFNet_AD_Zhang_SFT_Modulation,Proposed FGHC variant,AD Zhang,NAFNet Light SFT,FOV1_PND_16_Exp_200_Gain_46_40xObj0020002,32.69719261975971,38.123456830714666,5.426264210954955,0.7499542285010486,0.9398545196335251,0.18990029113247642,0.2725801467895508,3.6686457608083383,201.79296875
NAFNet_AD_Zhang_SFT_Modulation,Proposed FGHC variant,AD Zhang,NAFNet Light SFT,FOV1_PND_16_Exp_200_Gain_46_40xObj0020003,32.72718937253372,38.17445155114118,5.44726217860746,0.7511937332778174,0.9402642384633649,0.18907050518554758,0.2700059413909912,3.7036222049348027,201.79296875
NAFNet_AD_Zhang_SFT_Modulation,Proposed FGHC variant,AD Zhang,NAFNet Light SFT,FOV1_PND_16_Exp_200_Gain_46_40xObj0020004,32.70605289645722,38.19998276336109,5.493929866903869,0.7509473028087025,0.9406431529907952,0.18969585018209267,0.6103682518005371,1.6383552012249665,201.79296875
NAFNet_AD_Zhang_SFT_Modulation,Proposed FGHC variant,AD Zhang,NAFNet Light SFT,FOV1_PND_16_Exp_200_Gain_46_40xObj0020005,32.733105051383895,38.16012604557906,5.427020994195168,0.751019527972109,0.9399909998143884,0.18897147184227936,0.2714669704437256,3.683689394571475,201.79296875
NAFNet_AD_Zhang_SFT_Modulation,Proposed FGHC variant,AD Zhang,NAFNet Light SFT,FOV1_PND_16_Exp_200_Gain_46_40xObj0020006,32.756696787414725,38.17971099793237,5.423014210517643,0.7512313699323272,0.9402226219378665,0.18899125200553935,0.2673044204711914,3.74105298459804,201.79296875
NAFNet_AD_Zhang_SFT_Modulation,Proposed FGHC variant,AD Zhang,NAFNet Light SFT,FOV1_PND_16_Exp_200_Gain_46_40xObj0020007,32.752100791212925,38.13374414548249,5.381643354269563,0.7508459913626989,0.9398110161766078,0.18896502481390887,0.2699391841888428,3.7045381277451916,201.79296875
NAFNet_AD_Zhang_SFT_Modulation,Proposed FGHC variant,AD Zhang,NAFNet Light SFT,FOV1_PND_16_Exp_200_Gain_46_40xObj0020008,32.72663323643756,38.058407269903206,5.331774033465649,0.7499428973437879,0.9393112006242115,0.18936830328042353,0.26946568489074707,3.711047662359839,201.79296875
NAFNet_AD_Zhang_SFT_Modulation,Proposed FGHC variant,AD Zhang,NAFNet Light SFT,FOV1_PND_16_Exp_200_Gain_46_40xObj0020009,32.73024533393844,38.1030521395342,5.372806805595758,0.7503300940082119,0.9396941080649611,0.18936401405674919,0.265230655670166,3.770303238414394,201.79296875
NAFNet_AD_Zhang_SFT_Modulation,Proposed FGHC variant,AD Zhang,NAFNet Light SFT,FOV1_PND_16_Exp_200_Gain_46_40xObj0020010,32.76514386146915,38.172955199095185,5.407811337626036,0.7512222580745229,0.9400000477916844,0.18877778971716153,0.27629661560058594,3.619298766386624,201.79296875
NAFNet_AD_Zhang_SFT_Modulation,Proposed FGHC variant,AD Zhang,NAFNet Light SFT,FOV1_PND_16_Exp_200_Gain_46_40xObj0020011,32.76660814510982,38.21040142981731,5.443793284707489,0.7515460875069281,0.9403685478479318,0.1888224603410037,0.6468515396118164,1.5459497871800882,201.79296875
NAFNet_AD_Zhang_SFT_Modulation,Proposed FGHC variant,AD Zhang,NAFNet Light SFT,FOV1_PND_16_Exp_200_Gain_46_40xObj0020012,32.75056363298163,38.16571329647218,5.415149663490546,0.7512621594118221,0.9402965663845678,0.18903440697274576,0.27448225021362305,3.643222828513405,201.79296875
NAFNet_AD_Zhang_SFT_Modulation,Proposed FGHC variant,AD Zhang,NAFNet Light SFT,FOV1_PND_16_Exp_200_Gain_46_40xObj0020013,32.731045616561175,38.136374250711036,5.4053286341498605,0.7506370156939456,0.9403652199346842,0.18972820424073866,0.27573537826538086,3.6266655598961712,201.79296875
NAFNet_AD_Zhang_SFT_Modulation,Proposed FGHC variant,AD Zhang,NAFNet Light SFT,FOV1_PND_16_Exp_200_Gain_46_40xObj0020014,32.79528601801144,38.20660431173221,5.411318293720768,0.7522675395914412,0.9405147990470643,0.18824725945562304,0.2715167999267578,3.683013354126713,201.79296875
NAFNet_AD_Zhang_SFT_Modulation,Proposed FGHC variant,AD Zhang,NAFNet Light SFT,FOV1_PND_16_Exp_200_Gain_46_40xObj0020015,32.78712382176566,38.25456426853605,5.467440446770389,0.7523310361379044,0.9407926529974748,0.1884616168595704,0.2666006088256836,3.750929168559583,201.79296875
NAFNet_AD_Zhang_SFT_Modulation,Proposed FGHC variant,AD Zhang,NAFNet Light SFT,FOV1_PND_16_Exp_200_Gain_46_40xObj0020016,32.835814213218974,38.36351158646799,5.527697373249019,0.7538785420017229,0.9415763114993956,0.1876977694976727,0.2692446708679199,3.714093938336695,201.79296875
NAFNet_AD_Zhang_SFT_Modulation,Proposed FGHC variant,AD Zhang,NAFNet Light SFT,FOV1_PND_16_Exp_200_Gain_46_40xObj0020017,32.81764805870415,38.398908729288316,5.5812606705841645,0.7530695999494535,0.9418307650808918,0.18876116513143826,0.27120471000671387,3.6872515966822417,201.79296875
NAFNet_AD_Zhang_SFT_Modulation,Proposed FGHC variant,AD Zhang,NAFNet Light SFT,FOV1_PND_16_Exp_200_Gain_46_40xObj0020018,32.77446638642729,38.40114142158076,5.626675035153468,0.7517214043380198,0.9418903538135529,0.1901689494755331,0.5880951881408691,1.700405002736505,201.79296875
NAFNet_AD_Zhang_SFT_Modulation,Proposed FGHC variant,AD Zhang,NAFNet Light SFT,FOV1_PND_16_Exp_200_Gain_46_40xObj0020019,32.78224749159582,38.380183500589936,5.597936008994118,0.7516318768816026,0.9417041146421598,0.19007223776055715,0.26535868644714355,3.768484135148855,201.79296875
NAFNet_AD_Zhang_SFT_Modulation,Proposed FGHC variant,AD Zhang,NAFNet Light SFT,FOV1_PND_16_Exp_200_Gain_46_40xObj0020020,32.771914527658325,38.311204001950934,5.539289474292609,0.750624173254128,0.9410645370249027,0.19044036377077467,0.26642632484436035,3.7533828557826454,201.79296875
NAFNet_AD_Zhang_SFT_Modulation,Proposed FGHC variant,AD Zhang,NAFNet Light SFT,FOV1_PND_16_Exp_200_Gain_46_40xObj0020021,32.75356116337017,38.411175079589846,5.657613916219674,0.7506428792633705,0.9415864585916659,0.19094357932829542,0.2620556354522705,3.81598357262626,201.79296875
NAFNet_AD_Zhang_SFT_Modulation,Proposed FGHC variant,AD Zhang,NAFNet Light SFT,FOV1_PND_16_Exp_200_Gain_46_40xObj0020022,32.69612504500138,38.32060831000913,5.624483265007747,0.7499275885806367,0.9411434771737861,0.19121588859314942,0.28497862815856934,3.509035068565123,201.79296875
NAFNet_AD_Zhang_SFT_Modulation,Proposed FGHC variant,AD Zhang,NAFNet Light SFT,FOV1_PND_16_Exp_200_Gain_46_40xObj0020023,32.66428462928949,38.2573112348698,5.593026605580313,0.7494415289606451,0.9410053231998075,0.19156379423916237,0.273956298828125,3.6502172217890165,201.79296875
NAFNet_AD_Zhang_SFT_Modulation,Proposed FGHC variant,AD Zhang,NAFNet Light SFT,FOV1_PND_16_Exp_200_Gain_46_40xObj0020024,32.68353118330619,38.28480765251842,5.60127646921223,0.7496438516774854,0.9412127011206555,0.1915688494431701,0.27213430404663086,3.6746561720812956,201.79296875
NAFNet_AD_Zhang_SFT_Modulation,Proposed FGHC variant,AD Zhang,NAFNet Light SFT,FOV1_PND_16_Exp_200_Gain_46_40xObj0020025,32.758796316383794,38.315625564508636,5.556829248124842,0.7510944497379425,0.9414338167794846,0.19033936704154208,0.37651944160461426,2.6559053517616418,201.79296875
NAFNet_AD_Zhang_SFT_Modulation,Proposed FGHC variant,AD Zhang,NAFNet Light SFT,FOV1_PND_16_Exp_200_Gain_46_40xObj0020026,32.79031284422896,38.360613961813414,5.570301117584457,0.7519247376532702,0.9414616713505145,0.18953693369724434,0.287273645401001,3.4810015328907564,201.79296875
NAFNet_AD_Zhang_SFT_Modulation,Proposed FGHC variant,AD Zhang,NAFNet Light SFT,FOV1_PND_16_Exp_200_Gain_46_40xObj0020027,32.751264935942366,38.31052650747006,5.559261571527692,0.7510201024507378,0.9412803307566172,0.1902602283058794,0.264451265335083,3.781415069929471,201.79296875
NAFNet_AD_Zhang_SFT_Modulation,Proposed FGHC variant,AD Zhang,NAFNet Light SFT,FOV1_PND_16_Exp_200_Gain_46_40xObj0020028,32.773062654428855,38.26019534410555,5.487132689676692,0.752131773119825,0.94129662713565,0.18916485401582495,0.2731363773345947,3.6611747206963585,201.79296875
NAFNet_AD_Zhang_SFT_Modulation,Proposed FGHC variant,AD Zhang,NAFNet Light SFT,FOV1_PND_16_Exp_200_Gain_46_40xObj0020029,32.77477576067859,38.24638879025443,5.471613029575842,0.7532751478755816,0.9417023143284635,0.18842716645288193,0.2756175994873047,3.6282153311695953,201.79296875
NAFNet_AD_Zhang_SFT_Modulation,Proposed FGHC variant,AD Zhang,NAFNet Light SFT,FOV1_PND_16_Exp_200_Gain_46_40xObj0020030,32.79226682925153,38.25984432567414,5.4675774964226065,0.7532713738998419,0.9419633667570283,0.1886919928571864,0.26761317253112793,3.736736837510056,201.79296875
NAFNet_AD_Zhang_SFT_Modulation,Proposed FGHC variant,AD Zhang,NAFNet Light SFT,FOV1_PND_16_Exp_200_Gain_46_40xObj0020031,32.78343269078992,38.31415063404108,5.530717943251155,0.752779873335576,0.9421088591372268,0.1893289858016507,0.27498292922973633,3.6365893795703346,201.79296875
NAFNet_AD_Zhang_SFT_Modulation,Proposed FGHC variant,AD Zhang,NAFNet Light SFT,FOV1_PND_16_Exp_200_Gain_46_40xObj0020032,32.77793882007581,38.33618492913843,5.5582461090626225,0.7524626197294366,0.9416992524521088,0.18923663272267222,0.28407835960388184,3.5201555000331513,201.79296875
NAFNet_AD_Zhang_SFT_Modulation,Proposed FGHC variant,AD Zhang,NAFNet Light SFT,FOV1_PND_16_Exp_200_Gain_46_40xObj0020033,32.70812332571143,38.26762572377294,5.559502398061504,0.7498764404302737,0.9411282433943332,0.19125180296405953,0.35923194885253906,2.783716769051879,201.79296875
NAFNet_AD_Zhang_SFT_Modulation,Proposed FGHC variant,AD Zhang,NAFNet Light SFT,FOV1_PND_16_Exp_200_Gain_46_40xObj0020034,32.71291328204125,38.20594293852287,5.4930296564816175,0.7506723155478999,0.9411044346309394,0.19043211908303947,0.2782480716705322,3.593915292912,201.79296875
NAFNet_AD_Zhang_SFT_Modulation,Proposed FGHC variant,AD Zhang,NAFNet Light SFT,FOV1_PND_16_Exp_200_Gain_46_40xObj0020035,32.74639511435541,38.18254569114208,5.436150576786673,0.7512933264172649,0.9412292077555658,0.18993588133830097,0.27150392532348633,3.683188001088894,201.79296875
NAFNet_AD_Zhang_SFT_Modulation,Proposed FGHC variant,AD Zhang,NAFNet Light SFT,FOV1_PND_16_Exp_200_Gain_46_40xObj0020036,32.76355538310524,38.12215650730883,5.358601124203588,0.7515306387735218,0.9409440981825358,0.189413459409014,0.2685675621032715,3.7234578597972043,201.79296875
NAFNet_AD_Zhang_SFT_Modulation,Proposed FGHC variant,AD Zhang,NAFNet Light SFT,FOV1_PND_16_Exp_200_Gain_46_40xObj0020037,32.792202861447166,38.17041375355724,5.378210892110076,0.7519593618367516,0.9411375225010228,0.18917816066427118,0.2705996036529541,3.695496913153306,201.79296875
NAFNet_AD_Zhang_SFT_Modulation,Proposed FGHC variant,AD Zhang,NAFNet Light SFT,FOV1_PND_16_Exp_200_Gain_46_40xObj0020038,32.763698365697074,38.14995583422541,5.386257468528335,0.7515369482714643,0.9407002341495212,0.18916328587805686,0.26777219772338867,3.734517655313155,201.79296875
NAFNet_AD_Zhang_SFT_Modulation,Proposed FGHC variant,AD Zhang,NAFNet Light SFT,FOV1_PND_16_Exp_200_Gain_46_40xObj0020039,32.78129076745015,38.19105304985512,5.409762282404969,0.7520104758964109,0.9406442557049589,0.188633779808548,0.2637050151824951,3.7921159721136033,201.79296875
NAFNet_AD_Zhang_SFT_Modulation,Proposed FGHC variant,AD Zhang,NAFNet Light SFT,FOV1_PND_16_Exp_200_Gain_46_40xObj0020040,32.77192031577153,38.18250880702141,5.410588491249875,0.752110930603679,0.940592767215171,0.1884818366114921,0.5039994716644287,1.9841290640594496,201.79296875
NAFNet_AD_Zhang_SFT_Modulation,Proposed FGHC variant,AD Zhang,NAFNet Light SFT,FOV1_PND_16_Exp_200_Gain_46_40xObj0020041,32.77499344594247,38.0682627584516,5.293269312509132,0.7517710501850735,0.9401590916602091,0.18838804147513555,0.3034703731536865,3.2952145858850277,201.79296875
NAFNet_AD_Zhang_SFT_Modulation,Proposed FGHC variant,AD Zhang,NAFNet Light SFT,FOV1_PND_16_Exp_200_Gain_46_40xObj0020042,32.763621818875556,38.078873981762506,5.315252162886949,0.7516333366361962,0.9403968353100393,0.188763498673843,0.27132749557495117,3.685582981116491,201.79296875
NAFNet_AD_Zhang_SFT_Modulation,Proposed FGHC variant,AD Zhang,NAFNet Light SFT,FOV1_PND_16_Exp_200_Gain_46_40xObj0020043,32.79769637927642,38.074916948307845,5.277220569031428,0.7530925785373433,0.9403749203487366,0.18728234181139325,0.2723407745361328,3.671870294498722,201.79296875
NAFNet_AD_Zhang_SFT_Modulation,Proposed FGHC variant,AD Zhang,NAFNet Light SFT,FOV1_PND_16_Exp_200_Gain_46_40xObj0020044,32.77508226080273,38.14477271992069,5.369690459117955,0.7521979736200052,0.9407809285194736,0.1885829548994684,0.2744712829589844,3.643368403496824,201.79296875
NAFNet_AD_Zhang_SFT_Modulation,Proposed FGHC variant,AD Zhang,NAFNet Light SFT,FOV1_PND_16_Exp_200_Gain_46_40xObj0020045,32.73514968010736,38.077590209733664,5.342440529626302,0.7513325508085971,0.9404297399418292,0.18909718913323215,0.2651190757751465,3.771890034982329,201.79296875
NAFNet_AD_Zhang_SFT_Modulation,Proposed FGHC variant,AD Zhang,NAFNet Light SFT,FOV1_PND_16_Exp_200_Gain_46_40xObj0020046,32.734736468913276,38.116670663455814,5.381934194542538,0.7510755233605609,0.9406620982792125,0.1895865749186516,0.26973867416381836,3.7072918931627785,201.79296875
NAFNet_AD_Zhang_SFT_Modulation,Proposed FGHC variant,AD Zhang,NAFNet Light SFT,FOV1_PND_16_Exp_200_Gain_46_40xObj0020047,32.73763982278474,38.17137686388924,5.4337370411045,0.7506945353985589,0.9405001255475156,0.1898055901489567,0.41674375534057617,2.3995560513744674,201.79296875
NAFNet_AD_Zhang_SFT_Modulation,Proposed FGHC variant,AD Zhang,NAFNet Light SFT,FOV1_PND_16_Exp_200_Gain_46_40xObj0020048,32.74524346847231,38.23710461528386,5.4918611468115515,0.7508484319808909,0.9407570453158699,0.189908613334979,0.2614734172821045,3.8244805548286265,201.79296875
NAFNet_AD_Zhang_SFT_Modulation,Proposed FGHC variant,AD Zhang,NAFNet Light SFT,FOV1_PND_16_Exp_200_Gain_46_40xObj0020049,32.69677826340367,38.222742197780605,5.525963934376932,0.7500665175175175,0.9405505560260484,0.1904840385085309,0.26856231689453125,3.7235305815175703,201.79296875
BM3D,Classical baseline,Classical,BM3D,FOV1_PND_16_Exp_200_Gain_46_40xObj0020000,32.729720333091535,37.42501407165905,4.695293738567514,0.7516204796483957,0.931137328070033,0.1795168484216373,11.3271644115448,0.08828334821208973,0.0
BM3D,Classical baseline,Classical,BM3D,FOV1_PND_16_Exp_200_Gain_46_40xObj0020001,32.76484287748777,37.44056450631982,4.675721628832044,0.7521623476770843,0.9313724524745902,0.17921010479750588,11.581089973449707,0.08634765831994705,0.0
BM3D,Classical baseline,Classical,BM3D,FOV1_PND_16_Exp_200_Gain_46_40xObj0020002,32.69719261975971,37.42244486027587,4.725252240516156,0.7499542285010486,0.9312257716696536,0.18127154316860494,10.59218454360962,0.09440923124808195,0.0
BM3D,Classical baseline,Classical,BM3D,FOV1_PND_16_Exp_200_Gain_46_40xObj0020003,32.72718937253372,37.53894476858867,4.811755396054949,0.7511937332778174,0.9322423223913429,0.1810485891135255,11.501540184020996,0.08694487729472028,0.0
BM3D,Classical baseline,Classical,BM3D,FOV1_PND_16_Exp_200_Gain_46_40xObj0020004,32.70605289645722,37.49812312672526,4.792070230268038,0.7509473028087025,0.9320783237278562,0.18113102091915367,11.173305034637451,0.08949903335673569,0.0
BM3D,Classical baseline,Classical,BM3D,FOV1_PND_16_Exp_200_Gain_46_40xObj0020005,32.733105051383895,37.52758971061948,4.794484659235586,0.751019527972109,0.9321823746690027,0.18116284669689364,10.730100154876709,0.09319577502224072,0.0
BM3D,Classical baseline,Classical,BM3D,FOV1_PND_16_Exp_200_Gain_46_40xObj0020006,32.756696787414725,37.5293534631149,4.772656675700176,0.7512313699323272,0.9321819819907026,0.18095061205837537,11.41558051109314,0.08759957489925682,0.0
BM3D,Classical baseline,Classical,BM3D,FOV1_PND_16_Exp_200_Gain_46_40xObj0020007,32.752100791212925,37.4931522549888,4.741051463775875,0.7508459913626989,0.9315105102592166,0.1806645188965177,11.15543794631958,0.08964237933212847,0.0
BM3D,Classical baseline,Classical,BM3D,FOV1_PND_16_Exp_200_Gain_46_40xObj0020008,32.72663323643756,37.43162921464803,4.704995978210469,0.7499428973437879,0.930942918096266,0.181000020752478,11.281212568283081,0.08864295340125772,0.0
BM3D,Classical baseline,Classical,BM3D,FOV1_PND_16_Exp_200_Gain_46_40xObj0020009,32.73024533393844,37.41121028967362,4.680964955735178,0.7503300940082119,0.9307838812130179,0.18045378720480598,11.876147508621216,0.08420238964479626,0.0
BM3D,Classical baseline,Classical,BM3D,FOV1_PND_16_Exp_200_Gain_46_40xObj0020010,32.76514386146915,37.4137546022241,4.648610740754954,0.7512222580745229,0.9305850316414261,0.17936277356690322,10.249571323394775,0.09756505598604767,0.0
BM3D,Classical baseline,Classical,BM3D,FOV1_PND_16_Exp_200_Gain_46_40xObj0020011,32.76660814510982,37.41469575764561,4.6480876125357895,0.7515460875069281,0.9308617604069779,0.1793156729000498,11.782902240753174,0.08486873433790613,0.0
BM3D,Classical baseline,Classical,BM3D,FOV1_PND_16_Exp_200_Gain_46_40xObj0020012,32.75056363298163,37.39566930679881,4.645105673817177,0.7512621594118221,0.9309117083965838,0.1796495489847617,11.225194692611694,0.0890853145432025,0.0
BM3D,Classical baseline,Classical,BM3D,FOV1_PND_16_Exp_200_Gain_46_40xObj0020013,32.731045616561175,37.3760281944378,4.644982577876625,0.7506370156939456,0.9312411656183045,0.18060414992435891,10.745830774307251,0.0930593474811599,0.0
BM3D,Classical baseline,Classical,BM3D,FOV1_PND_16_Exp_200_Gain_46_40xObj0020014,32.79528601801144,37.514134953430315,4.718848935418876,0.7522675395914412,0.9321983580045735,0.1799308184131323,11.234099626541138,0.08901469928550826,0.0
BM3D,Classical baseline,Classical,BM3D,FOV1_PND_16_Exp_200_Gain_46_40xObj0020015,32.78712382176566,37.54604284883486,4.758919027069197,0.7523310361379044,0.9324647198303012,0.1801336836923968,11.671694278717041,0.08567736406731179,0.0
BM3D,Classical baseline,Classical,BM3D,FOV1_PND_16_Exp_200_Gain_46_40xObj0020016,32.835814213218974,37.71415911024562,4.878344897026643,0.7538785420017229,0.9337702043982774,0.17989166239655452,10.113049745559692,0.09888213992411805,0.0
BM3D,Classical baseline,Classical,BM3D,FOV1_PND_16_Exp_200_Gain_46_40xObj0020017,32.81764805870415,37.61457295535985,4.796924896655696,0.7530695999494535,0.9328144248362888,0.1797448248868353,11.39769434928894,0.08773704306804703,0.0
BM3D,Classical baseline,Classical,BM3D,FOV1_PND_16_Exp_200_Gain_46_40xObj0020018,32.77446638642729,37.58760463246881,4.813138246041518,0.7517214043380198,0.9326169547174953,0.18089555037947547,11.123931646347046,0.08989627334939504,0.0
BM3D,Classical baseline,Classical,BM3D,FOV1_PND_16_Exp_200_Gain_46_40xObj0020019,32.78224749159582,37.6226682145736,4.8404207229777825,0.7516318768816026,0.9326883376573404,0.18105646077573778,11.809517621994019,0.0846774637210924,0.0
BM3D,Classical baseline,Classical,BM3D,FOV1_PND_16_Exp_200_Gain_46_40xObj0020020,32.771914527658325,37.615274693028134,4.843360165369809,0.750624173254128,0.9327161224736544,0.18209194921952643,10.96252727508545,0.0912198414568784,0.0
BM3D,Classical baseline,Classical,BM3D,FOV1_PND_16_Exp_200_Gain_46_40xObj0020021,32.75356116337017,37.72975938307638,4.976198219706205,0.7506428792633705,0.9336003216308565,0.182957442367486,10.837027788162231,0.09227622366091416,0.0
BM3D,Classical baseline,Classical,BM3D,FOV1_PND_16_Exp_200_Gain_46_40xObj0020022,32.69612504500138,37.65162841955045,4.9555033745490675,0.7499275885806367,0.933117675923321,0.18319008734268427,11.423478364944458,0.08753901115344408,0.0
BM3D,Classical baseline,Classical,BM3D,FOV1_PND_16_Exp_200_Gain_46_40xObj0020023,32.66428462928949,37.56431007425376,4.900025444964271,0.7494415289606451,0.9328097395497114,0.18336821058906627,11.780348539352417,0.08488713187555412,0.0
BM3D,Classical baseline,Classical,BM3D,FOV1_PND_16_Exp_200_Gain_46_40xObj0020024,32.68353118330619,37.58852574161745,4.904994558311266,0.7496438516774854,0.9330607378013066,0.18341688612382123,10.27831220626831,0.09729223825193226,0.0
BM3D,Classical baseline,Classical,BM3D,FOV1_PND_16_Exp_200_Gain_46_40xObj0020025,32.758796316383794,37.62853337189603,4.869737055512239,0.7510944497379425,0.9331090962345258,0.18201464649658328,11.669714212417603,0.08569190142942079,0.0
BM3D,Classical baseline,Classical,BM3D,FOV1_PND_16_Exp_200_Gain_46_40xObj0020026,32.79031284422896,37.63648173530326,4.846168891074306,0.7519247376532702,0.9330514920215034,0.18112675436823322,11.268775463104248,0.08874078672293703,0.0
BM3D,Classical baseline,Classical,BM3D,FOV1_PND_16_Exp_200_Gain_46_40xObj0020027,32.751264935942366,37.53855880132746,4.787293865385095,0.7510201024507378,0.9324076112122485,0.18138750876151066,10.893165588378906,0.09180067923201538,0.0
BM3D,Classical baseline,Classical,BM3D,FOV1_PND_16_Exp_200_Gain_46_40xObj0020028,32.773062654428855,37.497262513963506,4.72419985953465,0.752131773119825,0.9322381162574448,0.18010634313761975,11.438865900039673,0.08742125388466454,0.0
BM3D,Classical baseline,Classical,BM3D,FOV1_PND_16_Exp_200_Gain_46_40xObj0020029,32.77477576067859,37.463232813749,4.688457053070415,0.7532751478755816,0.9325837094206529,0.17930856154507135,11.041668891906738,0.09056601948397262,0.0
BM3D,Classical baseline,Classical,BM3D,FOV1_PND_16_Exp_200_Gain_46_40xObj0020030,32.79226682925153,37.51181129999064,4.719544470739109,0.7532713738998419,0.9329109480132085,0.17963957411336662,11.255418062210083,0.08884610011577329,0.0
BM3D,Classical baseline,Classical,BM3D,FOV1_PND_16_Exp_200_Gain_46_40xObj0020031,32.78343269078992,37.59832351125048,4.814890820460555,0.752779873335576,0.9335686317195063,0.18078875838393027,12.331007480621338,0.08109637445046881,0.0
BM3D,Classical baseline,Classical,BM3D,FOV1_PND_16_Exp_200_Gain_46_40xObj0020032,32.77793882007581,37.62430293741032,4.84636411733451,0.7524626197294366,0.9330991028383605,0.18063648310892388,10.369222402572632,0.09643924695374431,0.0
BM3D,Classical baseline,Classical,BM3D,FOV1_PND_16_Exp_200_Gain_46_40xObj0020033,32.70812332571143,37.56624882563077,4.858125499919339,0.7498764404302737,0.9327445440784805,0.18286810364820683,12.478914499282837,0.08013517522357173,0.0
BM3D,Classical baseline,Classical,BM3D,FOV1_PND_16_Exp_200_Gain_46_40xObj0020034,32.71291328204125,37.49137454262061,4.778461260579363,0.7506723155478999,0.9324823352778794,0.18181001972997946,11.354542970657349,0.08807047563113912,0.0
BM3D,Classical baseline,Classical,BM3D,FOV1_PND_16_Exp_200_Gain_46_40xObj0020035,32.74639511435541,37.505643915483724,4.759248801128315,0.7512933264172649,0.9327737635025132,0.1814804370852483,11.044108152389526,0.09054601659108508,0.0
BM3D,Classical baseline,Classical,BM3D,FOV1_PND_16_Exp_200_Gain_46_40xObj0020036,32.76355538310524,37.472869352677606,4.709313969572364,0.7515306387735218,0.932541030023177,0.18101039124965523,11.116055965423584,0.08995996449734449,0.0
BM3D,Classical baseline,Classical,BM3D,FOV1_PND_16_Exp_200_Gain_46_40xObj0020037,32.792202861447166,37.482726627231536,4.69052376578437,0.7519593618367516,0.9321866777912337,0.18022731595448205,12.995242595672607,0.07695123755003991,0.0
BM3D,Classical baseline,Classical,BM3D,FOV1_PND_16_Exp_200_Gain_46_40xObj0020038,32.763698365697074,37.47264202419349,4.708943658496416,0.7515369482714643,0.9319381222498503,0.18040117397838595,12.108967304229736,0.08258342556187215,0.0
BM3D,Classical baseline,Classical,BM3D,FOV1_PND_16_Exp_200_Gain_46_40xObj0020039,32.78129076745015,37.55099348260891,4.769702715158758,0.7520104758964109,0.9325891871032427,0.18057871120683178,11.760465145111084,0.08503065037488824,0.0
BM3D,Classical baseline,Classical,BM3D,FOV1_PND_16_Exp_200_Gain_46_40xObj0020040,32.77192031577153,37.49939645905877,4.727476143287241,0.752110930603679,0.9324582969748757,0.18034736637119675,10.026214838027954,0.09973853704063347,0.0
BM3D,Classical baseline,Classical,BM3D,FOV1_PND_16_Exp_200_Gain_46_40xObj0020041,32.77499344594247,37.35533208312369,4.580338637181221,0.7517710501850735,0.9314701856157269,0.1796991354306534,11.532997131347656,0.08670772988245318,0.0
BM3D,Classical baseline,Classical,BM3D,FOV1_PND_16_Exp_200_Gain_46_40xObj0020042,32.763621818875556,37.36684244607299,4.60322062719743,0.7516333366361962,0.9318952160545435,0.18026187941834726,10.824080228805542,0.09238660272849362,0.0
BM3D,Classical baseline,Classical,BM3D,FOV1_PND_16_Exp_200_Gain_46_40xObj0020043,32.79769637927642,37.36641173262569,4.568715353349276,0.7530925785373433,0.9319097386020995,0.17881716006475612,10.96786618232727,0.09117543771744033,0.0
BM3D,Classical baseline,Classical,BM3D,FOV1_PND_16_Exp_200_Gain_46_40xObj0020044,32.77508226080273,37.4197590202355,4.64467675943277,0.7521979736200052,0.9322759015504619,0.18007792793045674,11.28232717514038,0.08863419616153415,0.0
BM3D,Classical baseline,Classical,BM3D,FOV1_PND_16_Exp_200_Gain_46_40xObj0020045,32.73514968010736,37.39032342469804,4.655173744590677,0.7513325508085971,0.9322942465357181,0.18096169572712106,12.267074346542358,0.08151902986402489,0.0
BM3D,Classical baseline,Classical,BM3D,FOV1_PND_16_Exp_200_Gain_46_40xObj0020046,32.734736468913276,37.426464763581684,4.691728294668408,0.7510755233605609,0.9323199455518446,0.18124442219128367,10.183026313781738,0.09820263340050463,0.0
BM3D,Classical baseline,Classical,BM3D,FOV1_PND_16_Exp_200_Gain_46_40xObj0020047,32.73763982278474,37.478822569141464,4.741182746356721,0.7506945353985589,0.9319631325663232,0.18126859716776433,11.919149160385132,0.08389860606188504,0.0
BM3D,Classical baseline,Classical,BM3D,FOV1_PND_16_Exp_200_Gain_46_40xObj0020048,32.74524346847231,37.485573081167935,4.740329612695625,0.7508484319808909,0.9319405753698858,0.18109214338899493,11.026668787002563,0.09068922077161938,0.0
BM3D,Classical baseline,Classical,BM3D,FOV1_PND_16_Exp_200_Gain_46_40xObj0020049,32.69677826340367,37.46998899834787,4.7732107349442,0.7500665175175175,0.9317319748134212,0.18166545729590367,12.04488468170166,0.08302279568680133,0.0
Bilateral_Classic,Classical baseline,Classical,Bilateral Classic,FOV1_PND_16_Exp_200_Gain_46_40xObj0020000,32.729720333091535,37.13752738082396,4.407807047732426,0.7516204796483957,0.922884443046993,0.17126396339859729,0.006510019302368164,153.60937557223951,0.0
Bilateral_Classic,Classical baseline,Classical,Bilateral Classic,FOV1_PND_16_Exp_200_Gain_46_40xObj0020001,32.76484287748777,37.181476429491376,4.416633552003603,0.7521623476770843,0.9234108668031656,0.1712485191260813,0.00445866584777832,224.2823378428961,0.0
Bilateral_Classic,Classical baseline,Classical,Bilateral Classic,FOV1_PND_16_Exp_200_Gain_46_40xObj0020002,32.69719261975971,37.114634781213006,4.417442161453295,0.7499542285010486,0.9228680092733818,0.1729137807723331,0.0043222904205322266,231.3588173644437,0.0
Bilateral_Classic,Classical baseline,Classical,Bilateral Classic,FOV1_PND_16_Exp_200_Gain_46_40xObj0020003,32.72718937253372,37.17997752101911,4.452788148485389,0.7511937332778174,0.9238951362025389,0.17270140292472158,0.004461050033569336,224.16247127358238,0.0
Bilateral_Classic,Classical baseline,Classical,Bilateral Classic,FOV1_PND_16_Exp_200_Gain_46_40xObj0020004,32.70605289645722,37.169535471153054,4.463482574695831,0.7509473028087025,0.9237151986506303,0.17276789584192787,0.004442691802978516,225.08876247719223,0.0
Bilateral_Classic,Classical baseline,Classical,Bilateral Classic,FOV1_PND_16_Exp_200_Gain_46_40xObj0020005,32.733105051383895,37.21704248481946,4.483937433435564,0.751019527972109,0.9239798006333815,0.17296027266127245,0.004500865936279297,222.1794681640004,0.0
Bilateral_Classic,Classical baseline,Classical,Bilateral Classic,FOV1_PND_16_Exp_200_Gain_46_40xObj0020006,32.756696787414725,37.227746201478055,4.47104941406333,0.7512313699323272,0.923931464091242,0.17270009415891485,0.00440216064453125,227.16117850953205,0.0
Bilateral_Classic,Classical baseline,Classical,Bilateral Classic,FOV1_PND_16_Exp_200_Gain_46_40xObj0020007,32.752100791212925,37.18058847009638,4.428487678883457,0.7508459913626989,0.9233182789921758,0.17247228762947686,0.004673004150390625,213.99510204081633,0.0
Bilateral_Classic,Classical baseline,Classical,Bilateral Classic,FOV1_PND_16_Exp_200_Gain_46_40xObj0020008,32.72663323643756,37.09662392257181,4.369990686134251,0.7499428973437879,0.9226482379769827,0.17270534063319476,0.004398822784423828,227.33355013550135,0.0
Bilateral_Classic,Classical baseline,Classical,Bilateral Classic,FOV1_PND_16_Exp_200_Gain_46_40xObj0020009,32.73024533393844,37.08030918591786,4.350063851979421,0.7503300940082119,0.9225301754312122,0.17220008142300025,0.0050623416900634766,197.53704139782414,0.0
Bilateral_Classic,Classical baseline,Classical,Bilateral Classic,FOV1_PND_16_Exp_200_Gain_46_40xObj0020010,32.76514386146915,37.13545465504538,4.37031079357623,0.7512222580745229,0.9226825995272462,0.17146034145272326,0.003464937210083008,288.6055184751944,0.0
Bilateral_Classic,Classical baseline,Classical,Bilateral Classic,FOV1_PND_16_Exp_200_Gain_46_40xObj0020011,32.76660814510982,37.17001747255395,4.40340932744413,0.7515460875069281,0.9228381139532864,0.17129202644635833,0.004446506500244141,224.89565683646111,0.0
Bilateral_Classic,Classical baseline,Classical,Bilateral Classic,FOV1_PND_16_Exp_200_Gain_46_40xObj0020012,32.75056363298163,37.11884012276859,4.3682764897869575,0.7512621594118221,0.922637750887762,0.17137559147593995,0.004489898681640625,222.72217502124045,0.0
Bilateral_Classic,Classical baseline,Classical,Bilateral Classic,FOV1_PND_16_Exp_200_Gain_46_40xObj0020013,32.731045616561175,37.12535160855356,4.394305991992383,0.7506370156939456,0.922729531419359,0.1720925157254134,0.0060617923736572266,164.96770894788594,0.0
Bilateral_Classic,Classical baseline,Classical,Bilateral Classic,FOV1_PND_16_Exp_200_Gain_46_40xObj0020014,32.79528601801144,37.25653513700837,4.461249118996932,0.7522675395914412,0.9237575461358257,0.1714900065443845,0.005770206451416016,173.30402446078836,0.0
Bilateral_Classic,Classical baseline,Classical,Bilateral Classic,FOV1_PND_16_Exp_200_Gain_46_40xObj0020015,32.78712382176566,37.25668685711904,4.4695630353533815,0.7523310361379044,0.9240680702607781,0.17173703412287367,0.004472017288208008,223.6127312470011,0.0
Bilateral_Classic,Classical baseline,Classical,Bilateral Classic,FOV1_PND_16_Exp_200_Gain_46_40xObj0020016,32.835814213218974,37.37338063952803,4.537566426309056,0.7538785420017229,0.9252058828484356,0.17132734084671275,0.003573894500732422,279.80680453635756,0.0
Bilateral_Classic,Classical baseline,Classical,Bilateral Classic,FOV1_PND_16_Exp_200_Gain_46_40xObj0020017,32.81764805870415,37.31744955105715,4.499801492353001,0.7530695999494535,0.9245783266252788,0.17150872667582528,0.004232645034790039,236.25888582211456,0.0
Bilateral_Classic,Classical baseline,Classical,Bilateral Classic,FOV1_PND_16_Exp_200_Gain_46_40xObj0020018,32.77446638642729,37.25402033557171,4.479553949144417,0.7517214043380198,0.9243733627100349,0.17265195837201508,0.004630565643310547,215.95633817320564,0.0
Bilateral_Classic,Classical baseline,Classical,Bilateral Classic,FOV1_PND_16_Exp_200_Gain_46_40xObj0020019,32.78224749159582,37.24392704141708,4.4616795498212625,0.7516318768816026,0.9240176416107965,0.17238576472919387,0.004319667816162109,231.4992824815101,0.0
Bilateral_Classic,Classical baseline,Classical,Bilateral Classic,FOV1_PND_16_Exp_200_Gain_46_40xObj0020020,32.771914527658325,37.26867865862681,4.4967641309684865,0.750624173254128,0.9239202199694461,0.17329604671531806,0.003322601318359375,300.96900114810563,0.0
Bilateral_Classic,Classical baseline,Classical,Bilateral Classic,FOV1_PND_16_Exp_200_Gain_46_40xObj0020021,32.75356116337017,37.29089927738599,4.537338114015817,0.7506428792633705,0.9244621728728428,0.17381929360947235,0.004536867141723633,220.41641704766408,0.0
Bilateral_Classic,Classical baseline,Classical,Bilateral Classic,FOV1_PND_16_Exp_200_Gain_46_40xObj0020022,32.69612504500138,37.21612977745769,4.520004732456307,0.7499275885806367,0.9237811597385028,0.17385357115786615,0.00443577766418457,225.43961300725613,0.0
Bilateral_Classic,Classical baseline,Classical,Bilateral Classic,FOV1_PND_16_Exp_200_Gain_46_40xObj0020023,32.66428462928949,37.1701768236259,4.505892194336411,0.7494415289606451,0.9232711529499942,0.1738296239893491,0.00471949577331543,211.8870421823693,0.0
Bilateral_Classic,Classical baseline,Classical,Bilateral Classic,FOV1_PND_16_Exp_200_Gain_46_40xObj0020024,32.68353118330619,37.206723967250475,4.523192783944289,0.7496438516774854,0.923494088162602,0.17385023648511666,0.0045223236083984375,221.12526360185575,0.0
Bilateral_Classic,Classical baseline,Classical,Bilateral Classic,FOV1_PND_16_Exp_200_Gain_46_40xObj0020025,32.758796316383794,37.276711588313816,4.517915271930022,0.7510944497379425,0.9241490189857416,0.17305456924779916,0.004421710968017578,226.1567993098242,0.0
Bilateral_Classic,Classical baseline,Classical,Bilateral Classic,FOV1_PND_16_Exp_200_Gain_46_40xObj0020026,32.79031284422896,37.328381896461025,4.538069052232068,0.7519247376532702,0.9245345409027447,0.1726098032494745,0.003217935562133789,310.7582425724235,0.0
Bilateral_Classic,Classical baseline,Classical,Bilateral Classic,FOV1_PND_16_Exp_200_Gain_46_40xObj0020027,32.751264935942366,37.28485484636417,4.533589910421803,0.7510201024507378,0.9243885432754203,0.1733684408246825,0.00435185432434082,229.78710348983728,0.0
Bilateral_Classic,Classical baseline,Classical,Bilateral Classic,FOV1_PND_16_Exp_200_Gain_46_40xObj0020028,32.773062654428855,37.29880383207046,4.525741177641606,0.752131773119825,0.9245281875465395,0.1723964144267145,0.00450444221496582,222.00306992007623,0.0
Bilateral_Classic,Classical baseline,Classical,Bilateral Classic,FOV1_PND_16_Exp_200_Gain_46_40xObj0020029,32.77477576067859,37.29045828161111,4.515682520932522,0.7532751478755816,0.9247122927308794,0.17143714485529782,0.007016181945800781,142.52766073127634,0.0
Bilateral_Classic,Classical baseline,Classical,Bilateral Classic,FOV1_PND_16_Exp_200_Gain_46_40xObj0020030,32.79226682925153,37.32947003380491,4.5372032045533786,0.7532713738998419,0.9250741467705672,0.17180277287072532,0.00790262222290039,126.54027635310445,0.0
Bilateral_Classic,Classical baseline,Classical,Bilateral Classic,FOV1_PND_16_Exp_200_Gain_46_40xObj0020031,32.78343269078992,37.37074582336065,4.587313132570728,0.752779873335576,0.925429551230197,0.17264967789462093,0.00465703010559082,214.7291250703937,0.0
Bilateral_Classic,Classical baseline,Classical,Bilateral Classic,FOV1_PND_16_Exp_200_Gain_46_40xObj0020032,32.77793882007581,37.364985125749264,4.587046305673454,0.7524626197294366,0.9248647403153171,0.17240212058588045,0.0035593509674072266,280.9500971263983,0.0
Bilateral_Classic,Classical baseline,Classical,Bilateral Classic,FOV1_PND_16_Exp_200_Gain_46_40xObj0020033,32.70812332571143,37.284875298647236,4.576751972935803,0.7498764404302737,0.9244546015095029,0.1745781610792292,0.004780292510986328,209.19221945137159,0.0
Bilateral_Classic,Classical baseline,Classical,Bilateral Classic,FOV1_PND_16_Exp_200_Gain_46_40xObj0020034,32.71291328204125,37.260931749604474,4.5480184675632245,0.7506723155478999,0.9243927728707716,0.17372045732287167,0.004494905471801758,222.4740890044025,0.0
Bilateral_Classic,Classical baseline,Classical,Bilateral Classic,FOV1_PND_16_Exp_200_Gain_46_40xObj0020035,32.74639511435541,37.23427895872178,4.487883844366372,0.7512933264172649,0.9244713637635268,0.17317803734626191,0.004496097564697266,222.41510234383284,0.0
Bilateral_Classic,Classical baseline,Classical,Bilateral Classic,FOV1_PND_16_Exp_200_Gain_46_40xObj0020036,32.76355538310524,37.25288326218963,4.489327879084385,0.7515306387735218,0.9244857824580476,0.1729551436845258,0.00432133674621582,231.40987586206896,0.0
Bilateral_Classic,Classical baseline,Classical,Bilateral Classic,FOV1_PND_16_Exp_200_Gain_46_40xObj0020037,32.792202861447166,37.263199560628784,4.470996699181619,0.7519593618367516,0.92422742127631,0.17226805943955836,0.0042667388916015625,234.37103263299062,0.0
Bilateral_Classic,Classical baseline,Classical,Bilateral Classic,FOV1_PND_16_Exp_200_Gain_46_40xObj0020038,32.763698365697074,37.23109013339082,4.467391767693748,0.7515369482714643,0.9235727197200155,0.1720357714485512,0.0044515132904052734,224.642707942799,0.0
Bilateral_Classic,Classical baseline,Classical,Bilateral Classic,FOV1_PND_16_Exp_200_Gain_46_40xObj0020039,32.78129076745015,37.30035800897015,4.519067241519998,0.7520104758964109,0.9240280670254236,0.17201759112901271,0.004449605941772461,224.739002304024,0.0
Bilateral_Classic,Classical baseline,Classical,Bilateral Classic,FOV1_PND_16_Exp_200_Gain_46_40xObj0020040,32.77192031577153,37.283372993914334,4.511452678142803,0.752110930603679,0.9243400703130537,0.1722291397093747,0.004399299621582031,227.30890960329504,0.0
Bilateral_Classic,Classical baseline,Classical,Bilateral Classic,FOV1_PND_16_Exp_200_Gain_46_40xObj0020041,32.77499344594247,37.18321027079631,4.408216824853838,0.7517710501850735,0.9233109216264492,0.17153987144137572,0.00457763671875,218.45333333333335,0.0
Bilateral_Classic,Classical baseline,Classical,Bilateral Classic,FOV1_PND_16_Exp_200_Gain_46_40xObj0020042,32.763621818875556,37.18660138477351,4.422979565897954,0.7516333366361962,0.9235141106717545,0.17188077403555824,0.004424333572387695,226.02274074473246,0.0
Bilateral_Classic,Classical baseline,Classical,Bilateral Classic,FOV1_PND_16_Exp_200_Gain_46_40xObj0020043,32.79769637927642,37.23387466875427,4.436178289477851,0.7530925785373433,0.9242258911603018,0.1711333126229585,0.00444483757019043,224.98009976935043,0.0
Bilateral_Classic,Classical baseline,Classical,Bilateral Classic,FOV1_PND_16_Exp_200_Gain_46_40xObj0020044,32.77508226080273,37.22214509834869,4.447062837545957,0.7521979736200052,0.924039020446395,0.1718410468263898,0.0044405460357666016,225.1975302013423,0.0
Bilateral_Classic,Classical baseline,Classical,Bilateral Classic,FOV1_PND_16_Exp_200_Gain_46_40xObj0020045,32.73514968010736,37.168911471665275,4.433761791557913,0.7513325508085971,0.923935358008146,0.1726028071995489,0.005956888198852539,167.87288373023813,0.0
Bilateral_Classic,Classical baseline,Classical,Bilateral Classic,FOV1_PND_16_Exp_200_Gain_46_40xObj0020046,32.734736468913276,37.19929925099326,4.464562782079987,0.7510755233605609,0.9241013014127977,0.17302577805223673,0.005805253982543945,172.25775185839254,0.0
Bilateral_Classic,Classical baseline,Classical,Bilateral Classic,FOV1_PND_16_Exp_200_Gain_46_40xObj0020047,32.73763982278474,37.18099981102276,4.443359988238015,0.7506945353985589,0.9236095547716152,0.1729150193730563,0.004429340362548828,225.76725158789966,0.0
Bilateral_Classic,Classical baseline,Classical,Bilateral Classic,FOV1_PND_16_Exp_200_Gain_46_40xObj0020048,32.74524346847231,37.21247818303921,4.467234714566899,0.7508484319808909,0.923652054013511,0.17280362203262012,0.004384517669677734,228.0752582925503,0.0
Bilateral_Classic,Classical baseline,Classical,Bilateral Classic,FOV1_PND_16_Exp_200_Gain_46_40xObj0020049,32.69677826340367,37.15824168886932,4.461463425465645,0.7500665175175175,0.923086489176892,0.17301997165937444,0.004420280456542969,226.2299892125135,0.0
PRBF_Standalone,Classical baseline,Classical,PRBF Standalone,FOV1_PND_16_Exp_200_Gain_46_40xObj0020000,32.729720333091535,33.27634835814146,0.5466280250499267,0.7516204796483957,0.7775369669370175,0.025916487288621726,0.004567384719848633,218.94367594090932,0.0
PRBF_Standalone,Classical baseline,Classical,PRBF Standalone,FOV1_PND_16_Exp_200_Gain_46_40xObj0020001,32.76484287748777,33.298388945933134,0.5335460684453608,0.7521623476770843,0.7781116841018539,0.025949336424769598,0.0032494068145751953,307.7484775111894,0.0
PRBF_Standalone,Classical baseline,Classical,PRBF Standalone,FOV1_PND_16_Exp_200_Gain_46_40xObj0020002,32.69719261975971,33.24123146606054,0.544038846300829,0.7499542285010486,0.7759148477671972,0.025960619266148566,0.0031430721282958984,318.16005461579306,0.0
PRBF_Standalone,Classical baseline,Classical,PRBF Standalone,FOV1_PND_16_Exp_200_Gain_46_40xObj0020003,32.72718937253372,33.27889207711447,0.5517027045807481,0.7511937332778174,0.7771233054571988,0.02592957217938141,0.004676103591918945,213.85326059246418,0.0
PRBF_Standalone,Classical baseline,Classical,PRBF Standalone,FOV1_PND_16_Exp_200_Gain_46_40xObj0020004,32.70605289645722,33.25087698123947,0.544824084782249,0.7509473028087025,0.7767815351883168,0.025834232379614352,0.004259347915649414,234.77772180240694,0.0
PRBF_Standalone,Classical baseline,Classical,PRBF Standalone,FOV1_PND_16_Exp_200_Gain_46_40xObj0020005,32.733105051383895,33.27842267217235,0.5453176207884525,0.751019527972109,0.7769540894366828,0.025934561464573735,0.0032367706298828125,308.94991160872127,0.0
PRBF_Standalone,Classical baseline,Classical,PRBF Standalone,FOV1_PND_16_Exp_200_Gain_46_40xObj0020006,32.756696787414725,33.28896234482569,0.532265557410966,0.7512313699323272,0.7770357142014438,0.025804344269116597,0.0041656494140625,240.05860805860806,0.0
PRBF_Standalone,Classical baseline,Classical,PRBF Standalone,FOV1_PND_16_Exp_200_Gain_46_40xObj0020007,32.752100791212925,33.28787094060651,0.5357701493935849,0.7508459913626989,0.7768312890564587,0.02598529769375979,0.0041332244873046875,241.9418550992155,0.0
PRBF_Standalone,Classical baseline,Classical,PRBF Standalone,FOV1_PND_16_Exp_200_Gain_46_40xObj0020008,32.72663323643756,33.266594818021304,0.5399615815837464,0.7499428973437879,0.7760418639829628,0.02609896663917488,0.003394603729248047,294.5851945497963,0.0
PRBF_Standalone,Classical baseline,Classical,PRBF Standalone,FOV1_PND_16_Exp_200_Gain_46_40xObj0020009,32.73024533393844,33.27959248458523,0.5493471506467884,0.7503300940082119,0.7765918167775056,0.026261722769293616,0.003213644027709961,311.1732324356406,0.0
PRBF_Standalone,Classical baseline,Classical,PRBF Standalone,FOV1_PND_16_Exp_200_Gain_46_40xObj0020010,32.76514386146915,33.29961262400598,0.5344687625368323,0.7512222580745229,0.7770787046626699,0.02585644658814701,0.0035066604614257812,285.17160728855043,0.0
PRBF_Standalone,Classical baseline,Classical,PRBF Standalone,FOV1_PND_16_Exp_200_Gain_46_40xObj0020011,32.76660814510982,33.29704748956335,0.5304393444535265,0.7515460875069281,0.7773440037618323,0.02579791625490424,0.006249427795410156,160.0146497787273,0.0
PRBF_Standalone,Classical baseline,Classical,PRBF Standalone,FOV1_PND_16_Exp_200_Gain_46_40xObj0020012,32.75056363298163,33.28936659797414,0.5388029649925059,0.7512621594118221,0.7772011858103086,0.025939026398486553,0.007220029830932617,138.50358286827594,0.0
PRBF_Standalone,Classical baseline,Classical,PRBF Standalone,FOV1_PND_16_Exp_200_Gain_46_40xObj0020013,32.731045616561175,33.246445636859974,0.5154000202987987,0.7506370156939456,0.776243857083213,0.025606841389267387,0.0042340755462646484,236.17906413649416,0.0
PRBF_Standalone,Classical baseline,Classical,PRBF Standalone,FOV1_PND_16_Exp_200_Gain_46_40xObj0020014,32.79528601801144,33.308646480833,0.5133604628215593,0.7522675395914412,0.7779013062623753,0.02563376667093409,0.0032167434692382812,310.8734064630892,0.0
PRBF_Standalone,Classical baseline,Classical,PRBF Standalone,FOV1_PND_16_Exp_200_Gain_46_40xObj0020015,32.78712382176566,33.307317130369555,0.5201933086038935,0.7523310361379044,0.7780281816499172,0.025697145512012742,0.0033168792724609375,301.4882116158712,0.0
PRBF_Standalone,Classical baseline,Classical,PRBF Standalone,FOV1_PND_16_Exp_200_Gain_46_40xObj0020016,32.835814213218974,33.37414802042188,0.5383338072029034,0.7538785420017229,0.7797475828499453,0.02586904084822239,0.0031294822692871094,319.5416730153893,0.0
PRBF_Standalone,Classical baseline,Classical,PRBF Standalone,FOV1_PND_16_Exp_200_Gain_46_40xObj0020017,32.81764805870415,33.35566865856852,0.5380205998643675,0.7530695999494535,0.7789341690179571,0.02586456906850354,0.0038657188415527344,258.68410016035523,0.0
PRBF_Standalone,Classical baseline,Classical,PRBF Standalone,FOV1_PND_16_Exp_200_Gain_46_40xObj0020018,32.77446638642729,33.321766423583114,0.5473000371558214,0.7517214043380198,0.77755292783619,0.025831523498170195,0.004187822341918945,238.78758895530885,0.0
PRBF_Standalone,Classical baseline,Classical,PRBF Standalone,FOV1_PND_16_Exp_200_Gain_46_40xObj0020019,32.78224749159582,33.334199165273105,0.5519516736772871,0.7516318768816026,0.7775676989284213,0.025935822046818657,0.003256082534790039,307.1175221498133,0.0
PRBF_Standalone,Classical baseline,Classical,PRBF Standalone,FOV1_PND_16_Exp_200_Gain_46_40xObj0020020,32.771914527658325,33.31447291673187,0.5425583890735481,0.750624173254128,0.7763671377966236,0.025742964542495583,0.0031685829162597656,315.5984951091046,0.0
PRBF_Standalone,Classical baseline,Classical,PRBF Standalone,FOV1_PND_16_Exp_200_Gain_46_40xObj0020021,32.75356116337017,33.32357446401747,0.5700133006472967,0.7506428792633705,0.7766414462743204,0.025998567010949936,0.0037250518798828125,268.452636968766,0.0
PRBF_Standalone,Classical baseline,Classical,PRBF Standalone,FOV1_PND_16_Exp_200_Gain_46_40xObj0020022,32.69612504500138,33.258153390092644,0.5620283450912638,0.7499275885806367,0.7758699130556567,0.025942324475019984,0.00500178337097168,199.92869059535727,0.0
PRBF_Standalone,Classical baseline,Classical,PRBF Standalone,FOV1_PND_16_Exp_200_Gain_46_40xObj0020023,32.66428462928949,33.20827101425014,0.5439863849606468,0.7494415289606451,0.7752852064687379,0.0258436775080928,0.004400730133056641,227.23502004550872,0.0
PRBF_Standalone,Classical baseline,Classical,PRBF Standalone,FOV1_PND_16_Exp_200_Gain_46_40xObj0020024,32.68353118330619,33.22759145537833,0.5440602720721444,0.7496438516774854,0.7754259478143983,0.025782096136912958,0.0030951499938964844,323.08611924202745,0.0
PRBF_Standalone,Classical baseline,Classical,PRBF Standalone,FOV1_PND_16_Exp_200_Gain_46_40xObj0020025,32.758796316383794,33.293779424518355,0.5349831081345613,0.7510944497379425,0.7769040082782993,0.025809558540356825,0.003220796585083008,310.482197053816,0.0
PRBF_Standalone,Classical baseline,Classical,PRBF Standalone,FOV1_PND_16_Exp_200_Gain_46_40xObj0020026,32.79031284422896,33.32562762835075,0.5353147841217947,0.7519247376532702,0.7778953356276695,0.02597059797439938,0.0035042762756347656,285.3656279765955,0.0
PRBF_Standalone,Classical baseline,Classical,PRBF Standalone,FOV1_PND_16_Exp_200_Gain_46_40xObj0020027,32.751264935942366,33.276663668046936,0.5253987321045699,0.7510201024507378,0.7768333515925169,0.02581324914177907,0.008150577545166016,122.69069209617972,0.0
PRBF_Standalone,Classical baseline,Classical,PRBF Standalone,FOV1_PND_16_Exp_200_Gain_46_40xObj0020028,32.773062654428855,33.277124213340045,0.5040615589111894,0.752131773119825,0.7776995126502513,0.025567739530426237,0.005271434783935547,189.7016734509272,0.0
PRBF_Standalone,Classical baseline,Classical,PRBF Standalone,FOV1_PND_16_Exp_200_Gain_46_40xObj0020029,32.77477576067859,33.2658138157324,0.4910380550538136,0.7532751478755816,0.7785531161372048,0.025277968261623207,0.003342866897583008,299.14442621781615,0.0
PRBF_Standalone,Classical baseline,Classical,PRBF Standalone,FOV1_PND_16_Exp_200_Gain_46_40xObj0020030,32.79226682925153,33.29648631318286,0.5042194839313296,0.7532713738998419,0.7786304469675591,0.02535907306771723,0.0033152103424072266,301.63998561668467,0.0
PRBF_Standalone,Classical baseline,Classical,PRBF Standalone,FOV1_PND_16_Exp_200_Gain_46_40xObj0020031,32.78343269078992,33.28709207714559,0.5036593863556647,0.752779873335576,0.7781726022187542,0.025392728883178117,0.0033216476440429688,301.05541200114845,0.0
PRBF_Standalone,Classical baseline,Classical,PRBF Standalone,FOV1_PND_16_Exp_200_Gain_46_40xObj0020032,32.77793882007581,33.30062036147193,0.5226815413961177,0.7524626197294366,0.7780197222508068,0.025557102521370223,0.0032100677490234375,311.51990493166966,0.0
PRBF_Standalone,Classical baseline,Classical,PRBF Standalone,FOV1_PND_16_Exp_200_Gain_46_40xObj0020033,32.70812332571143,33.23837780393957,0.5302544782281373,0.7498764404302737,0.775671329243678,0.025794888813404304,0.004163265228271484,240.19608292291835,0.0
PRBF_Standalone,Classical baseline,Classical,PRBF Standalone,FOV1_PND_16_Exp_200_Gain_46_40xObj0020034,32.71291328204125,33.21657587124041,0.5036625891991591,0.7506723155478999,0.7762033878566598,0.02553107230875984,0.0034432411193847656,290.42404099155243,0.0
PRBF_Standalone,Classical baseline,Classical,PRBF Standalone,FOV1_PND_16_Exp_200_Gain_46_40xObj0020035,32.74639511435541,33.25533549539459,0.5089403810391815,0.7512933264172649,0.7769748823362677,0.025681555919002785,0.004425525665283203,225.96185755845275,0.0
PRBF_Standalone,Classical baseline,Classical,PRBF Standalone,FOV1_PND_16_Exp_200_Gain_46_40xObj0020036,32.76355538310524,33.25778116140027,0.494225778295025,0.7515306387735218,0.7771258281429346,0.025595189369412852,0.0042078495025634766,237.65108504731145,0.0
PRBF_Standalone,Classical baseline,Classical,PRBF Standalone,FOV1_PND_16_Exp_200_Gain_46_40xObj0020037,32.792202861447166,33.286473539647936,0.4942706782007704,0.7519593618367516,0.7774428280216282,0.025483466184876624,0.004143476486206055,241.34323033546235,0.0
PRBF_Standalone,Classical baseline,Classical,PRBF Standalone,FOV1_PND_16_Exp_200_Gain_46_40xObj0020038,32.763698365697074,33.26339765183291,0.4996992861358365,0.7515369482714643,0.7770306711410052,0.02549372286954088,0.0034132003784179688,292.98016205644035,0.0
PRBF_Standalone,Classical baseline,Classical,PRBF Standalone,FOV1_PND_16_Exp_200_Gain_46_40xObj0020039,32.78129076745015,33.27511063593995,0.4938198684898012,0.7520104758964109,0.7772875066249035,0.025277030728492633,0.004361629486083984,229.27211107466928,0.0
PRBF_Standalone,Classical baseline,Classical,PRBF Standalone,FOV1_PND_16_Exp_200_Gain_46_40xObj0020040,32.77192031577153,33.274052487141944,0.5021321713704126,0.752110930603679,0.7775950350042548,0.025484104400575802,0.004175424575805664,239.49660252383944,0.0
PRBF_Standalone,Classical baseline,Classical,PRBF Standalone,FOV1_PND_16_Exp_200_Gain_46_40xObj0020041,32.77499344594247,33.257944614418996,0.4829511684765251,0.7517710501850735,0.777289169652614,0.025518119467540457,0.0034499168395996094,289.8620594333103,0.0
PRBF_Standalone,Classical baseline,Classical,PRBF Standalone,FOV1_PND_16_Exp_200_Gain_46_40xObj0020042,32.763621818875556,33.24427575550817,0.48065393663261347,0.7516333366361962,0.7769735221565908,0.02534018552039452,0.0032587051391601562,306.870354111794,0.0
PRBF_Standalone,Classical baseline,Classical,PRBF Standalone,FOV1_PND_16_Exp_200_Gain_46_40xObj0020043,32.79769637927642,33.28779000617059,0.490093626894172,0.7530925785373433,0.7787197520966553,0.02562717355931199,0.006228446960449219,160.5536671260144,0.0
PRBF_Standalone,Classical baseline,Classical,PRBF Standalone,FOV1_PND_16_Exp_200_Gain_46_40xObj0020044,32.77508226080273,33.275389024978075,0.5003067641753418,0.7521979736200052,0.7778600889141906,0.025662115294185384,0.0060842037200927734,164.36004545632665,0.0
PRBF_Standalone,Classical baseline,Classical,PRBF Standalone,FOV1_PND_16_Exp_200_Gain_46_40xObj0020045,32.73514968010736,33.23227172522455,0.4971220451171874,0.7513325508085971,0.7769393694818286,0.025606818673231557,0.0031540393829345703,317.0537455589992,0.0
PRBF_Standalone,Classical baseline,Classical,PRBF Standalone,FOV1_PND_16_Exp_200_Gain_46_40xObj0020046,32.734736468913276,33.24690514100976,0.512168672096486,0.7510755233605609,0.7767484247364603,0.025672901375899393,0.003422975540161133,292.14348401476633,0.0
PRBF_Standalone,Classical baseline,Classical,PRBF Standalone,FOV1_PND_16_Exp_200_Gain_46_40xObj0020047,32.73763982278474,33.27361879644268,0.5359789736579401,0.7506945353985589,0.7766245859592057,0.02593005056064679,0.004184246063232422,238.9916809116809,0.0
PRBF_Standalone,Classical baseline,Classical,PRBF Standalone,FOV1_PND_16_Exp_200_Gain_46_40xObj0020048,32.74524346847231,33.28206270190978,0.5368192334374697,0.7508484319808909,0.7766771544660963,0.025828722485205402,0.0032804012298583984,304.84075877607387,0.0
PRBF_Standalone,Classical baseline,Classical,PRBF Standalone,FOV1_PND_16_Exp_200_Gain_46_40xObj0020049,32.69677826340367,33.24451399142773,0.5477357280240582,0.7500665175175175,0.7760574345186985,0.025990917001180946,0.004168987274169922,239.8664074116436,0.0
GGB_Standalone,Classical baseline,Classical,GGB Standalone,FOV1_PND_16_Exp_200_Gain_46_40xObj0020000,32.729720333091535,36.30520056290988,3.5754802298183463,0.7516204796483957,0.8941294508144629,0.1425089711660672,0.002424955368041992,412.378723822633,0.0
GGB_Standalone,Classical baseline,Classical,GGB Standalone,FOV1_PND_16_Exp_200_Gain_46_40xObj0020001,32.76484287748777,36.37223091153872,3.607388034050949,0.7521623476770843,0.8950518317242571,0.14288948404717272,0.002090930938720703,478.2558722919042,0.0
GGB_Standalone,Classical baseline,Classical,GGB Standalone,FOV1_PND_16_Exp_200_Gain_46_40xObj0020002,32.69719261975971,36.2963293331855,3.5991367134257857,0.7499542285010486,0.8940141952505442,0.1440599667494955,0.0021545886993408203,464.12570543321897,0.0
GGB_Standalone,Classical baseline,Classical,GGB Standalone,FOV1_PND_16_Exp_200_Gain_46_40xObj0020003,32.72718937253372,36.34653369774857,3.619344325214847,0.7511937332778174,0.8949487319421636,0.14375499866434627,0.0027463436126708984,364.1204965708829,0.0
GGB_Standalone,Classical baseline,Classical,GGB Standalone,FOV1_PND_16_Exp_200_Gain_46_40xObj0020004,32.70605289645722,36.32052133839289,3.6144684419356707,0.7509473028087025,0.8943635904385466,0.14341628762984415,0.002045154571533203,488.9605968757286,0.0
GGB_Standalone,Classical baseline,Classical,GGB Standalone,FOV1_PND_16_Exp_200_Gain_46_40xObj0020005,32.733105051383895,36.352332386046825,3.6192273346629307,0.751019527972109,0.8941743471694267,0.14315481919731765,0.002123117446899414,471.0055025266704,0.0
GGB_Standalone,Classical baseline,Classical,GGB Standalone,FOV1_PND_16_Exp_200_Gain_46_40xObj0020006,32.756696787414725,36.3781713720433,3.6214745846285723,0.7512313699323272,0.8940398376829967,0.14280846775066947,0.0020902156829833984,478.4195277746093,0.0
GGB_Standalone,Classical baseline,Classical,GGB Standalone,FOV1_PND_16_Exp_200_Gain_46_40xObj0020007,32.752100791212925,36.36563427639133,3.613533485178408,0.7508459913626989,0.8939572703108523,0.14311127894815334,0.0038874149322509766,257.24035571910457,0.0
GGB_Standalone,Classical baseline,Classical,GGB Standalone,FOV1_PND_16_Exp_200_Gain_46_40xObj0020008,32.72663323643756,36.30510263156974,3.5784693951321813,0.7499428973437879,0.8931368657909595,0.14319396844717158,0.0022017955780029297,454.1747698971305,0.0
GGB_Standalone,Classical baseline,Classical,GGB Standalone,FOV1_PND_16_Exp_200_Gain_46_40xObj0020009,32.73024533393844,36.30347946924348,3.573234135305036,0.7503300940082119,0.8936023043719644,0.14327221036375248,0.0033392906188964844,299.46480079965727,0.0
GGB_Standalone,Classical baseline,Classical,GGB Standalone,FOV1_PND_16_Exp_200_Gain_46_40xObj0020010,32.76514386146915,36.36441410293535,3.5992702414662006,0.7512222580745229,0.8940400492964616,0.14281779122193872,0.006722211837768555,148.76056038304665,0.0
GGB_Standalone,Classical baseline,Classical,GGB Standalone,FOV1_PND_16_Exp_200_Gain_46_40xObj0020011,32.76660814510982,36.37348202328216,3.606873878172337,0.7515460875069281,0.8940181337490957,0.14247204624216758,0.002198934555053711,454.76569445950344,0.0
GGB_Standalone,Classical baseline,Classical,GGB Standalone,FOV1_PND_16_Exp_200_Gain_46_40xObj0020012,32.75056363298163,36.348084019805086,3.5975203868234544,0.7512621594118221,0.8941835119756387,0.14292135256381666,0.002367258071899414,422.42965051868265,0.0
GGB_Standalone,Classical baseline,Classical,GGB Standalone,FOV1_PND_16_Exp_200_Gain_46_40xObj0020013,32.731045616561175,36.33104879877494,3.6000031822137615,0.7506370156939456,0.8939126391842424,0.14327562349029677,0.0036535263061523438,273.7081701905508,0.0
GGB_Standalone,Classical baseline,Classical,GGB Standalone,FOV1_PND_16_Exp_200_Gain_46_40xObj0020014,32.79528601801144,36.42981234187772,3.6345263238662824,0.7522675395914412,0.8946388510724326,0.14237131148099136,0.0022630691528320312,441.8777918246945,0.0
GGB_Standalone,Classical baseline,Classical,GGB Standalone,FOV1_PND_16_Exp_200_Gain_46_40xObj0020015,32.78712382176566,36.42133356587514,3.6342097441094765,0.7523310361379044,0.8950245180265474,0.14269348188864295,0.002009153366088867,497.7220837783316,0.0
GGB_Standalone,Classical baseline,Classical,GGB Standalone,FOV1_PND_16_Exp_200_Gain_46_40xObj0020016,32.835814213218974,36.53620839073287,3.7003941775138927,0.7538785420017229,0.8966587676328436,0.1427802256311207,0.0027773380279541016,360.05700060090993,0.0
GGB_Standalone,Classical baseline,Classical,GGB Standalone,FOV1_PND_16_Exp_200_Gain_46_40xObj0020017,32.81764805870415,36.50197123233586,3.684323173631711,0.7530695999494535,0.8961533760252013,0.14308377607574774,0.0021436214447021484,466.50027805583363,0.0
GGB_Standalone,Classical baseline,Classical,GGB Standalone,FOV1_PND_16_Exp_200_Gain_46_40xObj0020018,32.77446638642729,36.43281671761682,3.6583503311895242,0.7517214043380198,0.8953348792573501,0.1436134749193303,0.002085447311401367,479.51343317708927,0.0
GGB_Standalone,Classical baseline,Classical,GGB Standalone,FOV1_PND_16_Exp_200_Gain_46_40xObj0020019,32.78224749159582,36.43490487370506,3.65265738210924,0.7516318768816026,0.8952028300068302,0.1435709531252276,0.0035986900329589844,277.87889227507617,0.0
GGB_Standalone,Classical baseline,Classical,GGB Standalone,FOV1_PND_16_Exp_200_Gain_46_40xObj0020020,32.771914527658325,36.43896412600822,3.667049598349898,0.750624173254128,0.8945850314958785,0.14396085824175053,0.0021047592163085938,475.1137290439511,0.0
GGB_Standalone,Classical baseline,Classical,GGB Standalone,FOV1_PND_16_Exp_200_Gain_46_40xObj0020021,32.75356116337017,36.43101406680416,3.677452903433988,0.7506428792633705,0.8949537822466785,0.14431090298330806,0.002019166946411133,495.2537489668202,0.0
GGB_Standalone,Classical baseline,Classical,GGB Standalone,FOV1_PND_16_Exp_200_Gain_46_40xObj0020022,32.69612504500138,36.330906498694475,3.634781453693094,0.7499275885806367,0.8938866844722514,0.1439590958916147,0.002065420150756836,484.16299203509175,0.0
GGB_Standalone,Classical baseline,Classical,GGB Standalone,FOV1_PND_16_Exp_200_Gain_46_40xObj0020023,32.66428462928949,36.28995424730773,3.625669618018243,0.7494415289606451,0.8936479551473103,0.14420642618666524,0.002088785171508789,478.74717498002514,0.0
GGB_Standalone,Classical baseline,Classical,GGB Standalone,FOV1_PND_16_Exp_200_Gain_46_40xObj0020024,32.68353118330619,36.32142777946537,3.6378965961591803,0.7496438516774854,0.8938374740926694,0.14419362241518408,0.0032842159271240234,304.48667876588024,0.0
GGB_Standalone,Classical baseline,Classical,GGB Standalone,FOV1_PND_16_Exp_200_Gain_46_40xObj0020025,32.758796316383794,36.43418629123923,3.6753899748554346,0.7510944497379425,0.8949776607332397,0.14388321099529722,0.007314920425415039,136.70688699846812,0.0
GGB_Standalone,Classical baseline,Classical,GGB Standalone,FOV1_PND_16_Exp_200_Gain_46_40xObj0020026,32.79031284422896,36.49082979054423,3.7005169463152754,0.7519247376532702,0.8955944316455375,0.14366969399226737,0.0027990341186523438,357.2660988074957,0.0
GGB_Standalone,Classical baseline,Classical,GGB Standalone,FOV1_PND_16_Exp_200_Gain_46_40xObj0020027,32.751264935942366,36.45238135105278,3.7011164151104126,0.7510201024507378,0.8956445720069947,0.14462446955625685,0.002249479293823242,444.54732379438263,0.0
GGB_Standalone,Classical baseline,Classical,GGB Standalone,FOV1_PND_16_Exp_200_Gain_46_40xObj0020028,32.773062654428855,36.46920968955159,3.696147035122735,0.752131773119825,0.895971101632442,0.14383932851261694,0.002097606658935547,476.7338031370766,0.0
GGB_Standalone,Classical baseline,Classical,GGB Standalone,FOV1_PND_16_Exp_200_Gain_46_40xObj0020029,32.77477576067859,36.43131651035023,3.6565407496716418,0.7532751478755816,0.8959006508640873,0.14262550298850574,0.0034008026123046875,294.04823331463825,0.0
GGB_Standalone,Classical baseline,Classical,GGB Standalone,FOV1_PND_16_Exp_200_Gain_46_40xObj0020030,32.79226682925153,36.4637212761373,3.671454446885768,0.7532713738998419,0.8960168508040595,0.14274547690421757,0.0022253990173339844,449.35761731304905,0.0
GGB_Standalone,Classical baseline,Classical,GGB Standalone,FOV1_PND_16_Exp_200_Gain_46_40xObj0020031,32.78343269078992,36.48391914334569,3.700486452555765,0.752779873335576,0.8962889054500355,0.14350903211445942,0.002020597457885742,494.90312684365784,0.0
GGB_Standalone,Classical baseline,Classical,GGB Standalone,FOV1_PND_16_Exp_200_Gain_46_40xObj0020032,32.77793882007581,36.47889229117817,3.700953471102359,0.7524626197294366,0.895723783830233,0.14326116410079637,0.002356290817260742,424.39583122533645,0.0
GGB_Standalone,Classical baseline,Classical,GGB Standalone,FOV1_PND_16_Exp_200_Gain_46_40xObj0020033,32.70812332571143,36.410897408189484,3.702774082478051,0.7498764404302737,0.8949917971983355,0.14511535676806187,0.002141237258911133,467.0197082730208,0.0
GGB_Standalone,Classical baseline,Classical,GGB Standalone,FOV1_PND_16_Exp_200_Gain_46_40xObj0020034,32.71291328204125,36.38439146044226,3.67147817840101,0.7506723155478999,0.8946159256761904,0.1439436101282905,0.002179384231567383,458.8452029318455,0.0
GGB_Standalone,Classical baseline,Classical,GGB Standalone,FOV1_PND_16_Exp_200_Gain_46_40xObj0020035,32.74639511435541,36.39573388891307,3.6493387745576626,0.7512933264172649,0.894884442007626,0.14359111559036108,0.0029926300048828125,334.1542383683875,0.0
GGB_Standalone,Classical baseline,Classical,GGB Standalone,FOV1_PND_16_Exp_200_Gain_46_40xObj0020036,32.76355538310524,36.39865251232671,3.635097129221471,0.7515306387735218,0.8943606403497091,0.1428300015761873,0.0022034645080566406,453.8307725600519,0.0
GGB_Standalone,Classical baseline,Classical,GGB Standalone,FOV1_PND_16_Exp_200_Gain_46_40xObj0020037,32.792202861447166,36.434986716691455,3.6427838552442893,0.7519593618367516,0.894791815341156,0.14283245350440443,0.0032396316528320312,308.67706800117753,0.0
GGB_Standalone,Classical baseline,Classical,GGB Standalone,FOV1_PND_16_Exp_200_Gain_46_40xObj0020038,32.763698365697074,36.404727223341396,3.641028857644322,0.7515369482714643,0.894465156336912,0.1429282080654477,0.0019865036010742188,503.3970235237638,0.0
GGB_Standalone,Classical baseline,Classical,GGB Standalone,FOV1_PND_16_Exp_200_Gain_46_40xObj0020039,32.78129076745015,36.44546188678079,3.664171119330639,0.7520104758964109,0.8946512700938882,0.14264079419747733,0.0020232200622558594,494.2616073532878,0.0
GGB_Standalone,Classical baseline,Classical,GGB Standalone,FOV1_PND_16_Exp_200_Gain_46_40xObj0020040,32.77192031577153,36.431467740021965,3.659547424250434,0.752110930603679,0.8949268249451374,0.14281589434145847,0.00351715087890625,284.32104121475055,0.0
GGB_Standalone,Classical baseline,Classical,GGB Standalone,FOV1_PND_16_Exp_200_Gain_46_40xObj0020041,32.77499344594247,36.380741601438494,3.6057481554960233,0.7517710501850735,0.8941236322371605,0.142352582052087,0.003355741500854492,297.9967317939609,0.0
GGB_Standalone,Classical baseline,Classical,GGB Standalone,FOV1_PND_16_Exp_200_Gain_46_40xObj0020042,32.763621818875556,36.368313020091925,3.6046912012163688,0.7516333366361962,0.8941419619051146,0.1425086252689184,0.003408193588256836,293.4105631339629,0.0
GGB_Standalone,Classical baseline,Classical,GGB Standalone,FOV1_PND_16_Exp_200_Gain_46_40xObj0020043,32.79769637927642,36.420518891269566,3.6228225119931494,0.7530925785373433,0.8953093642543886,0.1422167857170452,0.00213623046875,468.1142857142857,0.0
GGB_Standalone,Classical baseline,Classical,GGB Standalone,FOV1_PND_16_Exp_200_Gain_46_40xObj0020044,32.77508226080273,36.398153339814854,3.6230710790121208,0.7521979736200052,0.8948406583765688,0.1426426847565636,0.0021355152130126953,468.2710729038741,0.0
GGB_Standalone,Classical baseline,Classical,GGB Standalone,FOV1_PND_16_Exp_200_Gain_46_40xObj0020045,32.73514968010736,36.352028793455275,3.6168791133479132,0.7513325508085971,0.8947925223547867,0.1434599715461896,0.0020895004272460938,478.58329529895025,0.0
GGB_Standalone,Classical baseline,Classical,GGB Standalone,FOV1_PND_16_Exp_200_Gain_46_40xObj0020046,32.734736468913276,36.365003185473796,3.63026671656052,0.7510755233605609,0.8950384082470487,0.14396288488648779,0.002000093460083008,499.9766360710454,0.0
GGB_Standalone,Classical baseline,Classical,GGB Standalone,FOV1_PND_16_Exp_200_Gain_46_40xObj0020047,32.73763982278474,36.36817059781663,3.630530775031886,0.7506945353985589,0.8949143270948617,0.14421979169630283,0.002058744430541992,485.7329473074696,0.0
GGB_Standalone,Classical baseline,Classical,GGB Standalone,FOV1_PND_16_Exp_200_Gain_46_40xObj0020048,32.74524346847231,36.368028180211766,3.622784711739456,0.7508484319808909,0.8943127850596903,0.14346435307879934,0.0019989013671875,500.2748091603053,0.0
GGB_Standalone,Classical baseline,Classical,GGB Standalone,FOV1_PND_16_Exp_200_Gain_46_40xObj0020049,32.69677826340367,36.286114182197224,3.5893359187935516,0.7500665175175175,0.8930519528694963,0.14298543535197883,0.0021178722381591797,472.172013959248,0.0
Anisotropic_Zhang,Classical baseline,Classical,Aniso Zhang,FOV1_PND_16_Exp_200_Gain_46_40xObj0020000,32.729720333091535,36.92834480114027,4.198624468048735,0.7516204796483957,0.9118275191934145,0.1602070395450188,0.16939067840576172,5.903512574668251,0.0
Anisotropic_Zhang,Classical baseline,Classical,Aniso Zhang,FOV1_PND_16_Exp_200_Gain_46_40xObj0020001,32.76484287748777,36.962414646200145,4.197571768712372,0.7521623476770843,0.9125734264020092,0.16041107872492488,0.16305184364318848,6.13301866238527,0.0
Anisotropic_Zhang,Classical baseline,Classical,Aniso Zhang,FOV1_PND_16_Exp_200_Gain_46_40xObj0020002,32.69719261975971,36.91507258258086,4.217879962821151,0.7499542285010486,0.911815204374058,0.1618609758730094,0.16602134704589844,6.023321806463472,0.0
Anisotropic_Zhang,Classical baseline,Classical,Aniso Zhang,FOV1_PND_16_Exp_200_Gain_46_40xObj0020003,32.72718937253372,36.99082468259421,4.2636353100604865,0.7511937332778174,0.9128496668900768,0.1616559336122595,0.16999554634094238,5.882507051063585,0.0
Anisotropic_Zhang,Classical baseline,Classical,Aniso Zhang,FOV1_PND_16_Exp_200_Gain_46_40xObj0020004,32.70605289645722,36.96035548624437,4.2543025897871445,0.7509473028087025,0.9124677650118085,0.161520462203106,0.38555049896240234,2.5936939588749355,0.0
Anisotropic_Zhang,Classical baseline,Classical,Aniso Zhang,FOV1_PND_16_Exp_200_Gain_46_40xObj0020005,32.733105051383895,36.98888319604617,4.255778144662273,0.751019527972109,0.9123153029646649,0.16129577499255587,0.17212748527526855,5.809647415697654,0.0
Anisotropic_Zhang,Classical baseline,Classical,Aniso Zhang,FOV1_PND_16_Exp_200_Gain_46_40xObj0020006,32.756696787414725,36.984277549475195,4.2275807620604695,0.7512313699323272,0.9122044233660637,0.16097305343373647,0.16455459594726562,6.07701045506178,0.0
Anisotropic_Zhang,Classical baseline,Classical,Aniso Zhang,FOV1_PND_16_Exp_200_Gain_46_40xObj0020007,32.752100791212925,36.96070599338616,4.2086052021732385,0.7508459913626989,0.9118822688533839,0.16103627749068494,0.16599822044372559,6.024160965864126,0.0
Anisotropic_Zhang,Classical baseline,Classical,Aniso Zhang,FOV1_PND_16_Exp_200_Gain_46_40xObj0020008,32.72663323643756,36.8945949875491,4.167961751111541,0.7499428973437879,0.9111538715897464,0.16121097424595843,0.18203234672546387,5.493529133633443,0.0
Anisotropic_Zhang,Classical baseline,Classical,Aniso Zhang,FOV1_PND_16_Exp_200_Gain_46_40xObj0020009,32.73024533393844,36.90209672713388,4.171851393195439,0.7503300940082119,0.9114678863074167,0.16113779229920477,0.1771223545074463,5.645814740781122,0.0
Anisotropic_Zhang,Classical baseline,Classical,Aniso Zhang,FOV1_PND_16_Exp_200_Gain_46_40xObj0020010,32.76514386146915,36.94269597120791,4.1775521097387625,0.7512222580745229,0.9117603275093887,0.16053806943486582,0.17042970657348633,5.867521690350487,0.0
Anisotropic_Zhang,Classical baseline,Classical,Aniso Zhang,FOV1_PND_16_Exp_200_Gain_46_40xObj0020011,32.76660814510982,36.95572309901343,4.189114953903612,0.7515460875069281,0.9118133508915488,0.16026726338462072,0.18040990829467773,5.54293281035663,0.0
Anisotropic_Zhang,Classical baseline,Classical,Aniso Zhang,FOV1_PND_16_Exp_200_Gain_46_40xObj0020012,32.75056363298163,36.934811865764544,4.184248232782913,0.7512621594118221,0.9118232514985398,0.16056109208671776,0.18025469779968262,5.547705619918443,0.0
Anisotropic_Zhang,Classical baseline,Classical,Aniso Zhang,FOV1_PND_16_Exp_200_Gain_46_40xObj0020013,32.731045616561175,36.88708005648743,4.156034439926252,0.7506370156939456,0.911472615004676,0.16083559931073044,0.394148588180542,2.53711425078591,0.0
Anisotropic_Zhang,Classical baseline,Classical,Aniso Zhang,FOV1_PND_16_Exp_200_Gain_46_40xObj0020014,32.79528601801144,36.98789240424405,4.192606386232612,0.7522675395914412,0.9122904045897137,0.16002286499827245,0.19118142127990723,5.230633778665699,0.0
Anisotropic_Zhang,Classical baseline,Classical,Aniso Zhang,FOV1_PND_16_Exp_200_Gain_46_40xObj0020015,32.78712382176566,36.9912299053985,4.204106083632837,0.7523310361379044,0.912594820688659,0.16026378455075463,0.17458724975585938,5.727795136233531,0.0
Anisotropic_Zhang,Classical baseline,Classical,Aniso Zhang,FOV1_PND_16_Exp_200_Gain_46_40xObj0020016,32.835814213218974,37.14102809228007,4.3052138790610925,0.7538785420017229,0.9141778628676347,0.1602993208659118,0.19999027252197266,5.000243198779238,0.0
Anisotropic_Zhang,Classical baseline,Classical,Aniso Zhang,FOV1_PND_16_Exp_200_Gain_46_40xObj0020017,32.81764805870415,37.101296741806294,4.283648683102143,0.7530695999494535,0.9137308349596612,0.16066123501020768,0.1789534091949463,5.58804665694092,0.0
Anisotropic_Zhang,Classical baseline,Classical,Aniso Zhang,FOV1_PND_16_Exp_200_Gain_46_40xObj0020018,32.77446638642729,37.05397091313547,4.27950452670818,0.7517214043380198,0.913183892410737,0.16146248807271724,0.176041841506958,5.680467731079007,0.0
Anisotropic_Zhang,Classical baseline,Classical,Aniso Zhang,FOV1_PND_16_Exp_200_Gain_46_40xObj0020019,32.78224749159582,37.05958826691284,4.277340775317022,0.7516318768816026,0.9130060247782041,0.16137414789660154,0.1725623607635498,5.795006486786712,0.0
Anisotropic_Zhang,Classical baseline,Classical,Aniso Zhang,FOV1_PND_16_Exp_200_Gain_46_40xObj0020020,32.771914527658325,37.05385067615631,4.281936148497984,0.750624173254128,0.9124986013212623,0.16187442806713426,0.17621874809265137,5.674765090682776,0.0
Anisotropic_Zhang,Classical baseline,Classical,Aniso Zhang,FOV1_PND_16_Exp_200_Gain_46_40xObj0020021,32.75356116337017,37.117957004338464,4.364395840968292,0.7506428792633705,0.9131159755726154,0.1624730963092449,0.17551946640014648,5.697373747252717,0.0
Anisotropic_Zhang,Classical baseline,Classical,Aniso Zhang,FOV1_PND_16_Exp_200_Gain_46_40xObj0020022,32.69612504500138,37.01652270128468,4.320397656283298,0.7499275885806367,0.9121725353133039,0.1622449467326672,0.3621523380279541,2.761268932972652,0.0
Anisotropic_Zhang,Classical baseline,Classical,Aniso Zhang,FOV1_PND_16_Exp_200_Gain_46_40xObj0020023,32.66428462928949,36.932768263401236,4.268483634111746,0.7494415289606451,0.9116966589746257,0.16225513001398062,0.17889046669006348,5.590012807851573,0.0
Anisotropic_Zhang,Classical baseline,Classical,Aniso Zhang,FOV1_PND_16_Exp_200_Gain_46_40xObj0020024,32.68353118330619,36.97464669650514,4.291115513198953,0.7496438516774854,0.9119410921131249,0.16229724043563953,0.18743419647216797,5.335205735248475,0.0
Anisotropic_Zhang,Classical baseline,Classical,Aniso Zhang,FOV1_PND_16_Exp_200_Gain_46_40xObj0020025,32.758796316383794,37.04347113828811,4.284674821904318,0.7510944497379425,0.9129113634599645,0.161816913722022,0.17337369918823242,5.767887543971111,0.0
Anisotropic_Zhang,Classical baseline,Classical,Aniso Zhang,FOV1_PND_16_Exp_200_Gain_46_40xObj0020026,32.79031284422896,37.09196916816711,4.301656323938154,0.7519247376532702,0.913414604130121,0.16148986647685082,0.1735074520111084,5.763441214824464,0.0
Anisotropic_Zhang,Classical baseline,Classical,Aniso Zhang,FOV1_PND_16_Exp_200_Gain_46_40xObj0020027,32.751264935942366,37.03770455245263,4.286439616510265,0.7510201024507378,0.9133359617881444,0.16231585933740655,0.17482328414916992,5.7200618605628,0.0
Anisotropic_Zhang,Classical baseline,Classical,Aniso Zhang,FOV1_PND_16_Exp_200_Gain_46_40xObj0020028,32.773062654428855,37.02207896090059,4.249016306471738,0.752131773119825,0.9135724868332056,0.16144071371338053,0.17891907691955566,5.589118931401669,0.0
Anisotropic_Zhang,Classical baseline,Classical,Aniso Zhang,FOV1_PND_16_Exp_200_Gain_46_40xObj0020029,32.77477576067859,36.97670375462098,4.201927993942391,0.7532751478755816,0.9134995965427534,0.16022444866717178,0.17934823036193848,5.575745007251665,0.0
Anisotropic_Zhang,Classical baseline,Classical,Aniso Zhang,FOV1_PND_16_Exp_200_Gain_46_40xObj0020030,32.79226682925153,37.03360660666318,4.241339777411646,0.7532713738998419,0.9137071242179914,0.1604357503181495,0.18099641799926758,5.524971217961046,0.0
Anisotropic_Zhang,Classical baseline,Classical,Aniso Zhang,FOV1_PND_16_Exp_200_Gain_46_40xObj0020031,32.78343269078992,37.07229483939312,4.288862148603201,0.752779873335576,0.9141345737083153,0.16135470037273925,0.37983155250549316,2.632745998597728,0.0
Anisotropic_Zhang,Classical baseline,Classical,Aniso Zhang,FOV1_PND_16_Exp_200_Gain_46_40xObj0020032,32.77793882007581,37.092965729726465,4.315026909650655,0.7524626197294366,0.913631448301099,0.16116882857166237,0.19048666954040527,5.24971118668167,0.0
Anisotropic_Zhang,Classical baseline,Classical,Aniso Zhang,FOV1_PND_16_Exp_200_Gain_46_40xObj0020033,32.70812332571143,37.04409930007198,4.335975974360544,0.7498764404302737,0.9131598583138433,0.1632834178835696,0.17536163330078125,5.702501631498803,0.0
Anisotropic_Zhang,Classical baseline,Classical,Aniso Zhang,FOV1_PND_16_Exp_200_Gain_46_40xObj0020034,32.71291328204125,36.96114131961691,4.248228037575657,0.7506723155478999,0.912747584747981,0.16207526920008108,0.17911100387573242,5.583129893536871,0.0
Anisotropic_Zhang,Classical baseline,Classical,Aniso Zhang,FOV1_PND_16_Exp_200_Gain_46_40xObj0020035,32.74639511435541,36.95881207295691,4.2124169586015014,0.7512933264172649,0.9129276324798864,0.16163430606262152,0.1764986515045166,5.6657656671921375,0.0
Anisotropic_Zhang,Classical baseline,Classical,Aniso Zhang,FOV1_PND_16_Exp_200_Gain_46_40xObj0020036,32.76355538310524,36.9373460103059,4.17379062720066,0.7515306387735218,0.9125022962247279,0.16097165745120612,0.17710328102111816,5.6464227779086595,0.0
Anisotropic_Zhang,Classical baseline,Classical,Aniso Zhang,FOV1_PND_16_Exp_200_Gain_46_40xObj0020037,32.792202861447166,36.971072019562754,4.178869158115589,0.7519593618367516,0.9127465474240156,0.16078718558726401,0.17075467109680176,5.856355164849894,0.0
Anisotropic_Zhang,Classical baseline,Classical,Aniso Zhang,FOV1_PND_16_Exp_200_Gain_46_40xObj0020038,32.763698365697074,36.939011499216996,4.175313133519921,0.7515369482714643,0.9120605038559025,0.1605235555844382,0.17597484588623047,5.682630349604114,0.0
Anisotropic_Zhang,Classical baseline,Classical,Aniso Zhang,FOV1_PND_16_Exp_200_Gain_46_40xObj0020039,32.78129076745015,36.98611387608537,4.2048231086352175,0.7520104758964109,0.9122705811226307,0.1602601052262198,0.17559504508972168,5.694921513810609,0.0
Anisotropic_Zhang,Classical baseline,Classical,Aniso Zhang,FOV1_PND_16_Exp_200_Gain_46_40xObj0020040,32.77192031577153,36.986224614985474,4.214304299213943,0.752110930603679,0.912774182892878,0.1606632522891991,0.36696720123291016,2.725039176908104,0.0
Anisotropic_Zhang,Classical baseline,Classical,Aniso Zhang,FOV1_PND_16_Exp_200_Gain_46_40xObj0020041,32.77499344594247,36.87418868502051,4.099195239078043,0.7517710501850735,0.9118493376224498,0.1600782874373763,0.18749761581420898,5.333401151035957,0.0
Anisotropic_Zhang,Classical baseline,Classical,Aniso Zhang,FOV1_PND_16_Exp_200_Gain_46_40xObj0020042,32.763621818875556,36.87392819615325,4.110306377277695,0.7516333366361962,0.9119348149227035,0.1603014782865072,0.1783759593963623,5.6061366306540155,0.0
Anisotropic_Zhang,Classical baseline,Classical,Aniso Zhang,FOV1_PND_16_Exp_200_Gain_46_40xObj0020043,32.79769637927642,36.93344851901157,4.135752139735153,0.7530925785373433,0.9128870791573279,0.15979450061998457,0.1770951747894287,5.646681233348277,0.0
Anisotropic_Zhang,Classical baseline,Classical,Aniso Zhang,FOV1_PND_16_Exp_200_Gain_46_40xObj0020044,32.77508226080273,36.93255326946283,4.157471008660096,0.7521979736200052,0.9124901669853956,0.16029219336539047,0.17705488204956055,5.647966260089252,0.0
Anisotropic_Zhang,Classical baseline,Classical,Aniso Zhang,FOV1_PND_16_Exp_200_Gain_46_40xObj0020045,32.73514968010736,36.886750369790356,4.151600689682994,0.7513325508085971,0.9124871355880063,0.16115458477940925,0.17370343208312988,5.756938639654663,0.0
Anisotropic_Zhang,Classical baseline,Classical,Aniso Zhang,FOV1_PND_16_Exp_200_Gain_46_40xObj0020046,32.734736468913276,36.938452488418015,4.203716019504739,0.7510755233605609,0.9129061536700297,0.16183063030946876,0.18038153648376465,5.543804645937283,0.0
Anisotropic_Zhang,Classical baseline,Classical,Aniso Zhang,FOV1_PND_16_Exp_200_Gain_46_40xObj0020047,32.73763982278474,36.96563760250505,4.2279977797203045,0.7506945353985589,0.9126330491628131,0.16193851376425417,0.17230558395385742,5.803642441836331,0.0
Anisotropic_Zhang,Classical baseline,Classical,Aniso Zhang,FOV1_PND_16_Exp_200_Gain_46_40xObj0020048,32.74524346847231,36.982537382711605,4.237293914239295,0.7508484319808909,0.9122081038750895,0.16135967189419864,0.179121732711792,5.582795481378055,0.0
Anisotropic_Zhang,Classical baseline,Classical,Aniso Zhang,FOV1_PND_16_Exp_200_Gain_46_40xObj0020049,32.69677826340367,36.93364720896217,4.2368689455584985,0.7500665175175175,0.9112962965186235,0.16122977900110602,0.35181570053100586,2.8423973077115954,0.0
BM3D_Improved,Classical baseline,Classical,BM3D Improved,FOV1_PND_16_Exp_200_Gain_46_40xObj0020000,32.729720333091535,36.337848511970755,3.6081281788792197,0.7516204796483957,0.9173741629058288,0.16575368325743312,10.402254343032837,0.09613300800222928,0.0
BM3D_Improved,Classical baseline,Classical,BM3D Improved,FOV1_PND_16_Exp_200_Gain_46_40xObj0020001,32.76484287748777,36.31588288551359,3.551040008025815,0.7521623476770843,0.9175409459042366,0.16537859822715228,12.068148136138916,0.08286275480870424,0.0
BM3D_Improved,Classical baseline,Classical,BM3D Improved,FOV1_PND_16_Exp_200_Gain_46_40xObj0020002,32.69719261975971,36.321065180333434,3.623872560573723,0.7499542285010486,0.9174035586395343,0.16744933013848562,11.147033214569092,0.08970996863030849,0.0
BM3D_Improved,Classical baseline,Classical,BM3D Improved,FOV1_PND_16_Exp_200_Gain_46_40xObj0020003,32.72718937253372,36.43382872585995,3.7066393533262243,0.7511937332778174,0.9185687782069346,0.16737504492911726,10.962559461593628,0.0912195736318159,0.0
BM3D_Improved,Classical baseline,Classical,BM3D Improved,FOV1_PND_16_Exp_200_Gain_46_40xObj0020004,32.70605289645722,36.40656243312341,3.700509536666189,0.7509473028087025,0.9187028387363755,0.167755535927673,11.399029970169067,0.08772676294535335,0.0
BM3D_Improved,Classical baseline,Classical,BM3D Improved,FOV1_PND_16_Exp_200_Gain_46_40xObj0020005,32.733105051383895,36.429132668953265,3.6960276175693707,0.751019527972109,0.9187284682849376,0.16770894031282857,11.865323066711426,0.08427920541038908,0.0
BM3D_Improved,Classical baseline,Classical,BM3D Improved,FOV1_PND_16_Exp_200_Gain_46_40xObj0020006,32.756696787414725,36.37660253096569,3.619905743550966,0.7512313699323272,0.9185344206733435,0.16730305074101626,11.139118432998657,0.08977371108988196,0.0
BM3D_Improved,Classical baseline,Classical,BM3D Improved,FOV1_PND_16_Exp_200_Gain_46_40xObj0020007,32.752100791212925,36.31903976923236,3.5669389780194365,0.7508459913626989,0.9174700286070147,0.16662403724431574,11.579561710357666,0.08635905442824504,0.0
BM3D_Improved,Classical baseline,Classical,BM3D Improved,FOV1_PND_16_Exp_200_Gain_46_40xObj0020008,32.72663323643756,36.26106329859235,3.53443006215479,0.7499428973437879,0.9167143464142353,0.1667714490704474,10.641721248626709,0.09396976077803652,0.0
BM3D_Improved,Classical baseline,Classical,BM3D Improved,FOV1_PND_16_Exp_200_Gain_46_40xObj0020009,32.73024533393844,36.259571722029136,3.529326388090695,0.7503300940082119,0.9166388476063254,0.16630875359811348,12.201385736465454,0.08195790392982723,0.0
BM3D_Improved,Classical baseline,Classical,BM3D Improved,FOV1_PND_16_Exp_200_Gain_46_40xObj0020010,32.76514386146915,36.279127756578845,3.513983895109696,0.7512222580745229,0.9168874251664803,0.16566516709195733,10.985433101654053,0.09102963813501647,0.0
BM3D_Improved,Classical baseline,Classical,BM3D Improved,FOV1_PND_16_Exp_200_Gain_46_40xObj0020011,32.76660814510982,36.300086061374216,3.5334779162643954,0.7515460875069281,0.917483014019327,0.16593692651239889,10.55040979385376,0.09478304819804813,0.0
BM3D_Improved,Classical baseline,Classical,BM3D Improved,FOV1_PND_16_Exp_200_Gain_46_40xObj0020012,32.75056363298163,36.29561485803077,3.5450512250491357,0.7512621594118221,0.9175425395227682,0.16628038011094615,11.02846884727478,0.09067441852974066,0.0
BM3D_Improved,Classical baseline,Classical,BM3D Improved,FOV1_PND_16_Exp_200_Gain_46_40xObj0020013,32.731045616561175,36.26220844464106,3.5311628280798857,0.7506370156939456,0.9177747273282743,0.16713771163432867,11.362812519073486,0.08800638031485704,0.0
BM3D_Improved,Classical baseline,Classical,BM3D Improved,FOV1_PND_16_Exp_200_Gain_46_40xObj0020014,32.79528601801144,36.32913251758394,3.5338464995725047,0.7522675395914412,0.9183582849369846,0.16609074534554336,10.378629207611084,0.09635183799288813,0.0
BM3D_Improved,Classical baseline,Classical,BM3D Improved,FOV1_PND_16_Exp_200_Gain_46_40xObj0020015,32.78712382176566,36.36954754216279,3.5824237203971308,0.7523310361379044,0.9187249260842609,0.1663938899463565,11.488834857940674,0.0870410282996483,0.0
BM3D_Improved,Classical baseline,Classical,BM3D Improved,FOV1_PND_16_Exp_200_Gain_46_40xObj0020016,32.835814213218974,36.51009914106754,3.674284927848568,0.7538785420017229,0.9198016281589313,0.1659230861572084,11.476032018661499,0.08713813262056709,0.0
BM3D_Improved,Classical baseline,Classical,BM3D Improved,FOV1_PND_16_Exp_200_Gain_46_40xObj0020017,32.81764805870415,36.42371029384038,3.6060622351362284,0.7530695999494535,0.9187215296441361,0.16565192969468256,11.688079595565796,0.0855572544508833,0.0
BM3D_Improved,Classical baseline,Classical,BM3D Improved,FOV1_PND_16_Exp_200_Gain_46_40xObj0020018,32.77446638642729,36.42198183866299,3.6475154522356945,0.7517214043380198,0.9185205070549008,0.16679910271688103,13.739884376525879,0.072780816242418,0.0
BM3D_Improved,Classical baseline,Classical,BM3D Improved,FOV1_PND_16_Exp_200_Gain_46_40xObj0020019,32.78224749159582,36.42479176664895,3.642544275053133,0.7516318768816026,0.9183046907516076,0.166672813870005,11.340101718902588,0.08818263052553753,0.0
BM3D_Improved,Classical baseline,Classical,BM3D Improved,FOV1_PND_16_Exp_200_Gain_46_40xObj0020020,32.771914527658325,36.42817324590956,3.6562587182512374,0.750624173254128,0.9184811421300435,0.1678569688759155,12.409221410751343,0.08058523310202206,0.0
BM3D_Improved,Classical baseline,Classical,BM3D Improved,FOV1_PND_16_Exp_200_Gain_46_40xObj0020021,32.75356116337017,36.584857449888894,3.8312962865187217,0.7506428792633705,0.9196445016873619,0.16900162242399142,11.273253679275513,0.08870553510548394,0.0
BM3D_Improved,Classical baseline,Classical,BM3D Improved,FOV1_PND_16_Exp_200_Gain_46_40xObj0020022,32.69612504500138,36.55495212119799,3.8588270761966115,0.7499275885806367,0.919628801008277,0.16970121242764036,10.687681674957275,0.09356566095555963,0.0
BM3D_Improved,Classical baseline,Classical,BM3D Improved,FOV1_PND_16_Exp_200_Gain_46_40xObj0020023,32.66428462928949,36.46433188619193,3.800047256902438,0.7494415289606451,0.9190141207949498,0.16957259183430473,11.683147430419922,0.08559337335727325,0.0
BM3D_Improved,Classical baseline,Classical,BM3D Improved,FOV1_PND_16_Exp_200_Gain_46_40xObj0020024,32.68353118330619,36.47973422694999,3.7962030436438,0.7496438516774854,0.9192903351699959,0.16964648349251055,11.224727630615234,0.0890890213917101,0.0
BM3D_Improved,Classical baseline,Classical,BM3D Improved,FOV1_PND_16_Exp_200_Gain_46_40xObj0020025,32.758796316383794,36.44172106174549,3.682924745361696,0.7510944497379425,0.9190094151952547,0.16791496545731222,10.987096548080444,0.09101585624772816,0.0
BM3D_Improved,Classical baseline,Classical,BM3D Improved,FOV1_PND_16_Exp_200_Gain_46_40xObj0020026,32.79031284422896,36.4515642083128,3.6612513640838458,0.7519247376532702,0.9190690101242781,0.16714427247100794,11.64749550819397,0.08585536687234639,0.0
BM3D_Improved,Classical baseline,Classical,BM3D Improved,FOV1_PND_16_Exp_200_Gain_46_40xObj0020027,32.751264935942366,36.373171422159906,3.62190648621754,0.7510201024507378,0.9185990568329455,0.1675789543822077,10.217744588851929,0.09786895643203394,0.0
BM3D_Improved,Classical baseline,Classical,BM3D Improved,FOV1_PND_16_Exp_200_Gain_46_40xObj0020028,32.773062654428855,36.33275895365033,3.5596962992214713,0.752131773119825,0.9185330794816308,0.16640130636180572,11.408063888549805,0.08765729310156592,0.0
BM3D_Improved,Classical baseline,Classical,BM3D Improved,FOV1_PND_16_Exp_200_Gain_46_40xObj0020029,32.77477576067859,36.296524802792746,3.521749042114159,0.7532751478755816,0.9187243252009211,0.16544917732533948,11.19201135635376,0.08934944472088076,0.0
BM3D_Improved,Classical baseline,Classical,BM3D Improved,FOV1_PND_16_Exp_200_Gain_46_40xObj0020030,32.79226682925153,36.33840658953779,3.546139760286259,0.7532713738998419,0.9188691419325425,0.16559776803270065,10.214845418930054,0.0978967335273434,0.0
BM3D_Improved,Classical baseline,Classical,BM3D Improved,FOV1_PND_16_Exp_200_Gain_46_40xObj0020031,32.78343269078992,36.394907339113765,3.611474648323842,0.752779873335576,0.9194017854329974,0.1666219120974214,11.417963027954102,0.08758129602905032,0.0
BM3D_Improved,Classical baseline,Classical,BM3D Improved,FOV1_PND_16_Exp_200_Gain_46_40xObj0020032,32.77793882007581,36.459237446757356,3.6812986266815457,0.7524626197294366,0.9193261254999455,0.1668635057705089,11.453708410263062,0.08730796735701364,0.0
BM3D_Improved,Classical baseline,Classical,BM3D Improved,FOV1_PND_16_Exp_200_Gain_46_40xObj0020033,32.70812332571143,36.42902182629112,3.720898500579686,0.7498764404302737,0.918945019851703,0.16906857942142928,11.091182231903076,0.09016171397162369,0.0
BM3D_Improved,Classical baseline,Classical,BM3D Improved,FOV1_PND_16_Exp_200_Gain_46_40xObj0020034,32.71291328204125,36.32098217997101,3.608068897929762,0.7506723155478999,0.9186454913858247,0.16797317583792482,10.98427939414978,0.09103919921525297,0.0
BM3D_Improved,Classical baseline,Classical,BM3D Improved,FOV1_PND_16_Exp_200_Gain_46_40xObj0020035,32.74639511435541,36.29135433648354,3.544959222128135,0.7512933264172649,0.9184948501103866,0.1672015236931217,10.97396731376648,0.09112474745077224,0.0
BM3D_Improved,Classical baseline,Classical,BM3D Improved,FOV1_PND_16_Exp_200_Gain_46_40xObj0020036,32.76355538310524,36.26298641127007,3.499431028164828,0.7515306387735218,0.9184881753772903,0.16695753660376855,11.13183331489563,0.08983246260630663,0.0
BM3D_Improved,Classical baseline,Classical,BM3D Improved,FOV1_PND_16_Exp_200_Gain_46_40xObj0020037,32.792202861447166,36.26369661605495,3.471493754607785,0.7519593618367516,0.9180196861398318,0.16606032430308015,11.68882441520691,0.08555180268590754,0.0
BM3D_Improved,Classical baseline,Classical,BM3D Improved,FOV1_PND_16_Exp_200_Gain_46_40xObj0020038,32.763698365697074,36.27702558600784,3.5133272203107637,0.7515369482714643,0.9178482518762884,0.16631130360482405,10.426272630691528,0.09591155299894306,0.0
BM3D_Improved,Classical baseline,Classical,BM3D Improved,FOV1_PND_16_Exp_200_Gain_46_40xObj0020039,32.78129076745015,36.32619462180329,3.5449038543531373,0.7520104758964109,0.9183845315497193,0.16637405565330843,11.959105968475342,0.0836182907515025,0.0
BM3D_Improved,Classical baseline,Classical,BM3D Improved,FOV1_PND_16_Exp_200_Gain_46_40xObj0020040,32.77192031577153,36.30649564052976,3.5345753247582294,0.752110930603679,0.9184221948209127,0.16631126421723375,12.080239534378052,0.08277981551228278,0.0
BM3D_Improved,Classical baseline,Classical,BM3D Improved,FOV1_PND_16_Exp_200_Gain_46_40xObj0020041,32.77499344594247,36.14622144647284,3.3712280005303725,0.7517710501850735,0.917263141057834,0.1654920908727605,10.105574131011963,0.09895528814451049,0.0
BM3D_Improved,Classical baseline,Classical,BM3D Improved,FOV1_PND_16_Exp_200_Gain_46_40xObj0020042,32.763621818875556,36.17149453842945,3.407872719553893,0.7516333366361962,0.917713875624946,0.16608053898874975,11.749053716659546,0.08511323755223385,0.0
BM3D_Improved,Classical baseline,Classical,BM3D Improved,FOV1_PND_16_Exp_200_Gain_46_40xObj0020043,32.79769637927642,36.19644223152145,3.3987458522450353,0.7530925785373433,0.9178598908074963,0.16476731227015295,11.273254632949829,0.08870552760133422,0.0
BM3D_Improved,Classical baseline,Classical,BM3D Improved,FOV1_PND_16_Exp_200_Gain_46_40xObj0020044,32.77508226080273,36.22667331590951,3.4515910551067748,0.7521979736200052,0.9178411649792649,0.16564319135925976,10.963355302810669,0.09121295190931471,0.0
BM3D_Improved,Classical baseline,Classical,BM3D Improved,FOV1_PND_16_Exp_200_Gain_46_40xObj0020045,32.73514968010736,36.20625160937617,3.471101929268805,0.7513325508085971,0.9179173178246453,0.16658476701604819,11.083359479904175,0.09022535106013234,0.0
BM3D_Improved,Classical baseline,Classical,BM3D Improved,FOV1_PND_16_Exp_200_Gain_46_40xObj0020046,32.734736468913276,36.273705710532774,3.5389692416194976,0.7510755233605609,0.9181927398889299,0.16711721652836897,10.487309694290161,0.09535333933586916,0.0
BM3D_Improved,Classical baseline,Classical,BM3D Improved,FOV1_PND_16_Exp_200_Gain_46_40xObj0020047,32.73763982278474,36.33558404511418,3.5979442223294384,0.7506945353985589,0.9178804003815437,0.16718586498298482,11.133884906768799,0.08981590957456854,0.0
BM3D_Improved,Classical baseline,Classical,BM3D Improved,FOV1_PND_16_Exp_200_Gain_46_40xObj0020048,32.74524346847231,36.377243054175125,3.6319995857028147,0.7508484319808909,0.9183161393642858,0.1674677073833949,11.346233367919922,0.08813497550891003,0.0
BM3D_Improved,Classical baseline,Classical,BM3D Improved,FOV1_PND_16_Exp_200_Gain_46_40xObj0020049,32.69677826340367,36.40324002515578,3.7064617617521094,0.7500665175175175,0.9181724041098428,0.16810588659232528,10.165017127990723,0.09837661731492486,0.0
